event_key,detected_at,last_seen,person,event,category,momentum,acceleration,spice,risk,youtube_saturation,opportunity,alert,angle,status,tts_forecast_hours,window_state,window_remaining_min,sources,video_count_6h,score_version
story-michael-jordan-s,2026-10-02T10:41:36.506Z,2026-10-02T10:41:36.506Z,Michael Jordan's,Michael Jordan's: Ferrari 550 Maranello Sets Auction Record At $2.7 Million,scandal,33,0,6,34,63,28,ARCHIVE,What the Michael Jordan's michael jordan's: ferrari 550 maranello sets auction record at $2.7 million filings actually say — line by line — the number behind the headline,RESEARCH,3.1,closed,0,news,25,v2
story-benjamin-franklin,2026-10-02T07:49:05.211Z,2026-10-02T07:49:05.211Z,Benjamin Franklin,Benjamin Franklin: high school,scandal,12,0,0,64,0,17,ARCHIVE,What the Benjamin Franklin benjamin franklin: high school filings actually say — line by line — the other side of the fight,RESEARCH,3.5,unknown,60,trends,0,v2
story-zach-galifianakis,2026-10-02T05:55:25.230Z,2026-10-02T06:49:05.673Z,Zach Galifianakis,"Zach Galifianakis: Today’s famous birthdays list for October 1, 2026 includes celebrities Julie Andrews, Zach Galifianakis",tech,26,-5,9,64,13,22,ARCHIVE,"The Zach Galifianakis zach galifianakis: today’s famous birthdays list for october 1, 2026 includes celebrities julie andrews, zach galifianakis story is actually a money story — the other side of the fight",RESEARCH,5.6,closed,0,trends|news,5,v2
story-noah-kahan,2026-09-25T05:08:32.387Z,2026-10-02T05:55:25.230Z,Noah Kahan,Noah Kahan: tour,tech,25,-5,0,64,63,18,ARCHIVE,What the Noah Kahan noah kahan: draw you out noah kahan filings actually say — line by line — the other side of the fight,RESEARCH,3.1,closed,-10091,trends|news,25,v2
story-ken-paxton,2026-09-29T07:03:25.352Z,2026-10-02T05:55:25.230Z,Ken Paxton,Ken Paxton: trending now,scandal,10,-6,0,64,63,14,ARCHIVE,"What the Ken Paxton ken paxton: mudslings, gets splattered filings actually say — line by line — the other side of the fight",ARCHIVED,3.1,closed,-4216,trends|news,25,v2
story-mike-vrabel,2026-09-24T16:06:29.213Z,2026-10-02T05:55:25.230Z,Mike Vrabel,Mike Vrabel: offers blunt review of Drake Maye’s fourth interception,scandal,17,-1,6,64,0,21,ARCHIVE,"What the Mike Vrabel mike vrabel: patriots' drake maye: shoulder fine, all ok with mike vrabel filings actually say — line by line — the number behind the headline",RESEARCH,3.5,closed,0,news,0,v2
story-tom-brady-s,2026-10-02T05:55:25.230Z,2026-10-02T05:55:25.230Z,Tom Brady's,"Tom Brady's: Drake Maye Looked Like Tom Brady’s Heir. Now, He’s a Disaster.",scandal,19,0,0,34,0,22,ARCHIVE,"What the Tom Brady's tom brady's: drake maye looked like tom brady’s heir. now, he’s a disaster. filings actually say — line by line — the other side of the fight",RESEARCH,3.5,unknown,60,news,0,v2
story-john-oliver,2026-10-02T05:55:25.230Z,2026-10-02T05:55:25.230Z,John Oliver,John Oliver: trending now,scandal,31,0,0,64,10,26,ARCHIVE,What the John Oliver john oliver: trending now filings actually say — line by line — the other side of the fight,RESEARCH,3.1,closed,0,trends|news,4,v2
story-carlos-alcaraz,2026-10-01T08:06:53.430Z,2026-10-02T04:14:36.832Z,Carlos Alcaraz,Carlos Alcaraz: trending now,scandal,18,6,9,64,0,23,ARCHIVE,The Carlos Alcaraz story is a proxy fight about something bigger — the other side of the fight,BOOSTED,6,closed,0,trends|news,0,v2
story-don-mattingly,2026-10-02T01:01:32.441Z,2026-10-02T02:26:43.441Z,Don Mattingly,Don Mattingly: trending now,scandal,15,-1,0,64,10,17,ARCHIVE,What the Don Mattingly don mattingly: phillies manager don mattingly delivers expletive-laden speech as team makes playoffs after game 162 win filings actually say — line by line — the other side of the fight,RESEARCH,3.1,closed,0,trends|news,4,v2
story-patrick-mahomes,2026-09-29T19:04:43.006Z,2026-10-02T02:26:43.441Z,Patrick Mahomes,Patrick Mahomes: Texas Tech in week 3: Jacob Rodriguez intercepts Patrick Mahomes,scandal,18,-1,13,64,0,24,ARCHIVE,The Patrick Mahomes story is a proxy fight about something bigger — the other side of the fight,RESEARCH,6,closed,0,news,0,v2
story-jack-hughes,2026-10-02T02:26:43.441Z,2026-10-02T02:26:43.441Z,Jack Hughes,Jack Hughes: trending now,institutional,36,0,0,64,63,24,ARCHIVE,The Jack Hughes filing that will matter in six months — the other side of the fight,RESEARCH,14,closed,0,trends|news,25,v2
story-ken-urker,2026-10-02T02:01:04.612Z,2026-10-02T02:01:04.612Z,Ken Urker,Ken Urker: cause of death update: How did Gypsy Rose Blanchard's fiance die? Latest details after demise at 33 | Hindusta,tech,28,0,4,64,50,17,ARCHIVE,The Ken Urker ken urker: cause of death update: how did gypsy rose blanchard's fiance die? latest details after demise at 33 | hindusta story is actually a money story — the other side of the fight,RESEARCH,6.6,closed,0,news,20,v2
story-brittany-mahomes,2026-09-21T01:14:28.200Z,2026-10-02T02:01:04.612Z,Brittany Mahomes,Brittany Mahomes: trending now,scandal,16,-3,0,64,0,18,ARCHIVE,What the Brittany Mahomes brittany mahomes: reacts to sophie cunningham after indiana fever’s game 2 win filings actually say — line by line — the other side of the fight,RESEARCH,3.5,closed,0,trends|news,0,v2
story-oliver-hudson,2026-09-26T00:21:36.496Z,2026-10-02T02:01:04.612Z,Oliver Hudson,Oliver Hudson: Talks Pressure of Growing Up with ‘Icon’ Mom Goldie Hawn: ‘I Wrestle with Insecurity’,celebrity,7,-29,0,64,0,16,ARCHIVE,What the Oliver Hudson oliver hudson: trending now filings actually say — line by line — the other side of the fight,ARCHIVED,3.5,closed,0,trends|news,0,v2
story-brandon-marsh,2026-09-30T20:24:12.484Z,2026-10-02T02:01:04.612Z,Brandon Marsh,Brandon Marsh: trending now,scandal,21,-4,0,64,3,21,ARCHIVE,What the Brandon Marsh brandon marsh: trending now filings actually say — line by line — the other side of the fight,RESEARCH,3.4,closed,0,trends|news,1,v2
story-todd-monken,2026-10-02T01:01:32.441Z,2026-10-02T01:46:37.794Z,Todd Monken,Todd Monken: has jokes before facing T.J. Watt: 'I think it's about time he retires',scandal,23,-8,4,64,28,19,ARCHIVE,What the Todd Monken todd monken: has jokes before facing t.j. watt: 'i think it's about time he retires' filings actually say — line by line — what happens next,RESEARCH,2.6,closed,-39,news|trends,11,v2
story-joey-porter,2026-09-27T15:59:09.975Z,2026-10-02T01:46:37.794Z,Joey Porter,Joey Porter: Steelers' Joey Porter Jr. is inactive vs Bengals as trade rumors swirl,tech,3,-18,0,64,63,13,ARCHIVE,What the Joey Porter joey porter: jr. trade to dallas puts omar khan's gm tenure in question filings actually say — line by line — the other side of the fight,ARCHIVED,2.3,closed,-6359,news|trends,25,v2
story-chris-brown,2026-09-24T22:35:04.646Z,2026-10-02T01:46:37.794Z,Chris Brown,Chris Brown: Judge Poised to Slash $12.9 Million Jury Award in Chris Brown Dog Mauling Case,tech,22,6,9,64,63,20,ARCHIVE,The Chris Brown story is a proxy fight about something bigger — the number behind the headline,ARCHIVED,5.3,closed,-10104,trends|news,25,v2
story-larry-nassar,2026-10-02T01:46:37.794Z,2026-10-02T01:46:37.794Z,Larry Nassar,Larry Nassar: trending now,scandal,36,0,0,34,13,30,ARCHIVE,What the Larry Nassar larry nassar: trending now filings actually say — line by line — the other side of the fight,RESEARCH,3.1,closed,0,trends|news,5,v2
story-chris-brown-s,2026-10-02T01:46:37.794Z,2026-10-02T01:46:37.794Z,Chris Brown's,"Chris Brown's: Chris Brown’s Ex-Housekeeper Accepts $9.5M Verdict in Dog Attack Case, Down From $13M",scandal,19,0,0,64,0,19,ARCHIVE,"What the Chris Brown's chris brown's: chris brown’s ex-housekeeper accepts $9.5m verdict in dog attack case, down from $13m filings actually say — line by line — the other side of the fight",RESEARCH,3.5,unknown,60,news,0,v2
story-tyler-mahle,2026-09-30T18:32:33.385Z,2026-10-02T01:16:41.693Z,Tyler Mahle,Tyler Mahle: trending now,scandal,15,0,0,64,20,16,ARCHIVE,The Tyler Mahle situation is weirder than the clips suggest — the other side of the fight,KEPT,3.7,closed,0,trends|news,8,v2
story-aaron-rodgers-,2026-09-26T18:51:02.457Z,2026-10-02T01:16:41.693Z,Aaron Rodgers',Aaron Rodgers': “This Is Embarrassing and Cringe”: ESPN Show Blasted for Making Aaron Rodgers’ Brother Discuss Steelers QB,scandal,10,1,0,64,63,13,ARCHIVE,The Aaron Rodgers' story is a proxy fight about something bigger — the other side of the fight,ARCHIVED,5.3,closed,-7418,news|trends,25,v2
story-mason-graham,2026-10-02T00:38:49.733Z,2026-10-02T01:01:32.441Z,Mason Graham,"Mason Graham: How Mason Graham, Quincy Williams, and the rest of the Browns defense graded vs. the Panthers",celebrity,24,-12,9,64,8,24,ARCHIVE,What the Mason Graham mason graham: leaves browns vs steelers game with knee injury filings actually say — line by line — the other side of the fight,ARCHIVED,2.7,closed,-11,trends|news,3,v2
story-ray-kerr,2026-09-25T23:11:11.808Z,2026-10-02T01:01:32.441Z,Ray Kerr,Ray Kerr: Braves vs. Marlins chat and discussion: Ray Kerr vs. Eury Pérez,scandal,8,1,9,64,23,20,ARCHIVE,The Ray Kerr story is a proxy fight about something bigger — the other side of the fight,KEPT,7.3,closed,0,news|trends,9,v2
story-aaron-nola,2026-09-27T00:48:00.170Z,2026-10-02T01:01:32.441Z,Aaron Nola,Aaron Nola: pitching on 2 days' rest as Phillies make 4th attempt to clinch NL wild card,scandal,16,-1,9,64,30,19,ARCHIVE,The Aaron Nola story is a proxy fight about something bigger — the other side of the fight,RESEARCH,7.2,closed,0,news,12,v2
story-mike-tomlin,2026-10-01T00:42:12.867Z,2026-10-02T01:01:32.441Z,Mike Tomlin,Mike Tomlin: Shows Off Minecraft City in New Video After Former Steelers HC's Viral Comments,scandal,25,0,0,64,63,17,ARCHIVE,What the Mike Tomlin mike tomlin: former steelers hc mike tomlin reveals massive minecraft city filings actually say — line by line — the other side of the fight,KEPT,3.1,closed,-1423,trends|news,25,v2
story-zack-gelof,2026-09-29T10:05:16.211Z,2026-10-02T01:01:32.441Z,Zack Gelof,Zack Gelof: detroit tigers lawsuit,scandal,12,-11,0,64,13,16,ARCHIVE,"What the Zack Gelof zack gelof: phillies news: jhoan duran, bullpen, zack gelof filings actually say — line by line — the other side of the fight",ARCHIVED,3.9,closed,0,trends|news,5,v2
story-mike-yastrzemski,2026-09-29T19:31:09.994Z,2026-10-02T01:01:32.441Z,Mike Yastrzemski,Mike Yastrzemski: trending now,scandal,32,7,0,64,8,23,ARCHIVE,What the Mike Yastrzemski mike yastrzemski: trending now filings actually say — line by line — the other side of the fight,BOOSTED,3.4,closed,0,trends|news,3,v2
story-megan-fox,2026-10-02T01:01:32.441Z,2026-10-02T01:01:32.441Z,Megan Fox,Megan Fox: Stars in Cheeky Ad for Erectile Dysfunction Drug: ‘Maybe I Was Born for This’ (Exclusive),celebrity,31,0,5,64,60,24,ARCHIVE,The Megan Fox story is a proxy fight about something bigger — the other side of the fight,RESEARCH,5.3,closed,0,trends|news,24,v2
story-mike-tomlin-s,2026-10-02T01:01:32.441Z,2026-10-02T01:01:32.441Z,Mike Tomlin's,Mike Tomlin's: From Super Bowl champ to master architect: Mike Tomlin’s sprawling Minecraft city is magnificent,scandal,19,0,0,34,0,22,ARCHIVE,What the Mike Tomlin's mike tomlin's: from super bowl champ to master architect: mike tomlin’s sprawling minecraft city is magnificent filings actually say — line by line — the other side of the fight,RESEARCH,3.5,unknown,60,news,0,v2
story-rob-lowe,2026-09-25T09:45:43.469Z,2026-10-01T23:59:05.502Z,Rob Lowe,Rob Lowe: explains why he was ‘the only person happy’ when Will Smith slapped Chris Rock at the Oscars,tech,4,-18,0,64,10,14,ARCHIVE,What the Rob Lowe rob lowe: daughter filings actually say — line by line — the other side of the fight,ARCHIVED,3,closed,0,trends|news,4,v2
story-billy-crystal,2026-10-01T23:59:05.502Z,2026-10-01T23:59:05.502Z,Billy Crystal,Billy Crystal: trending now,tech,25,0,0,64,15,17,ARCHIVE,The Billy Crystal billy crystal: trending now story is actually a money story — the other side of the fight,RESEARCH,6.6,closed,0,trends|news,6,v2
story-billy-crystal-s,2026-10-01T23:59:05.502Z,2026-10-01T23:59:05.502Z,Billy Crystal's,Billy Crystal's: How to See Billy Crystal's New Solo Show 860 for $59,scandal,28,0,0,64,10,21,ARCHIVE,What the Billy Crystal's billy crystal's: how to see billy crystal's new solo show 860 for $59 filings actually say — line by line — the other side of the fight,RESEARCH,3.1,closed,0,news,4,v2
story-michael-pittman,2026-10-01T23:59:05.502Z,2026-10-01T23:59:05.502Z,Michael Pittman,Michael Pittman: trending now,celebrity,36,0,0,64,5,29,ARCHIVE,The Michael Pittman story is a proxy fight about something bigger — the other side of the fight,RESEARCH,5.3,closed,0,trends|news,2,v2
story-harry-potter,2026-09-29T13:13:04.801Z,2026-10-01T23:16:33.464Z,Harry Potter,Harry Potter: HBO’s Harry Potter series brings back original film actor Paul Whitehouse,celebrity,21,2,5,64,63,18,ARCHIVE,The Harry Potter story is a proxy fight about something bigger — the other side of the fight,KEPT,3.9,closed,-3399,trends|news,25,v2
story-kirk-herbstreit,2026-09-26T18:14:36.194Z,2026-10-01T23:16:33.464Z,Kirk Herbstreit,Kirk Herbstreit: ESPN's Kirk Herbstreit rips Texas’ Colin Simmons for urination celebration vs. Tennessee,scandal,18,-1,0,64,0,19,ARCHIVE,What the Kirk Herbstreit kirk herbstreit: sounds alarm on browns rb quinshon judkins filings actually say — line by line — the other side of the fight,RESEARCH,3.5,closed,0,news,0,v2
story-jerry-jeudy,2026-10-01T23:16:33.464Z,2026-10-01T23:16:33.464Z,Jerry Jeudy,Jerry Jeudy: has disappeared from Browns offense: Five teams that could trade for WR,tech,31,0,7,64,8,27,ARCHIVE,The Jerry Jeudy jerry jeudy: has disappeared from browns offense: five teams that could trade for wr story is actually a money story — the detail nobody has explained,RESEARCH,6.6,closed,0,trends|news,3,v2
story-bradley-cooper,2026-10-01T23:16:33.464Z,2026-10-01T23:16:33.464Z,Bradley Cooper,Bradley Cooper: To Star As Duke In Paramount’s New ‘G.I. Joe’ Movie From Director Danny McBride,celebrity,36,0,5,34,63,29,ARCHIVE,The Bradley Cooper story is a proxy fight about something bigger — the other side of the fight,RESEARCH,5.3,closed,0,trends|news,25,v2
story-kate-middleton,2026-09-22T23:33:58.441Z,2026-10-01T22:56:39.450Z,Kate Middleton,Kate Middleton: Goes Full Movie Star Mode for a Night With Tom Cruise,celebrity,9,1,0,64,63,13,ARCHIVE,The Kate Middleton kate middleton: and prince william’s recent appearance may have sent a subtle message to prince harry and meghan markle story is actually a money story — the other side of the fight,ARCHIVED,4.9,closed,-12779,news|trends,25,v2
story-john-wick,2026-09-28T16:32:24.105Z,2026-10-01T22:21:47.612Z,John Wick,John Wick: trending now,creator,6,0,0,64,63,12,ARCHIVE,What the John Wick john wick: trending now filings actually say — line by line — the other side of the fight,ARCHIVED,2.3,closed,-4681,trends|news,25,v2
story-russell-wilson,2026-09-27T17:08:09.828Z,2026-10-01T21:54:41.409Z,Russell Wilson,Russell Wilson: trending now,scandal,15,-1,0,64,0,19,ARCHIVE,What the Russell Wilson russell wilson: jokes about nanny plans as wife ciara prepares to give birth to baby no. 5 filings actually say — line by line — the other side of the fight,KEPT,3.5,closed,0,trends|news,0,v2
story-ciara-says-her,2026-10-01T21:54:41.409Z,2026-10-01T21:54:41.409Z,Ciara Says Her,Ciara Says Her: 9-Year-Old Daughter Nearly Spoiled Baby No. 5 Surprise: ‘She’s Got This Sixth Sense’,scandal,19,0,7,64,0,22,ARCHIVE,What the Ciara Says Her ciara says her: 9-year-old daughter nearly spoiled baby no. 5 surprise: ‘she’s got this sixth sense’ filings actually say — line by line — the part that was not supposed to be public,RESEARCH,3.5,unknown,60,news,0,v2
story-jayden-daniels,2026-09-22T19:02:47.568Z,2026-10-01T21:43:28.295Z,Jayden Daniels,"Jayden Daniels: What's next for Jayden Daniels, Commanders after elbow injury?",celebrity,15,-1,4,64,63,13,ARCHIVE,The Jayden Daniels jayden daniels: nfl news roundup: jayden daniels provides update on elbow; saints place travis etienne on ir story is actually a money story — the other side of the fight,ARCHIVED,6.6,closed,-12875,news,25,v2
story-travis-etienne,2026-10-01T21:11:54.990Z,2026-10-01T21:43:28.295Z,Travis Etienne,Travis Etienne: trending now,tech,28,-8,4,64,23,20,ARCHIVE,The Travis Etienne travis etienne: nfl news roundup: jayden daniels provides update on elbow; saints place travis etienne on ir story is actually a money story — the other side of the fight,RESEARCH,5.6,closed,0,trends|news,9,v2
story-roger-rogoff,2026-10-01T21:11:54.990Z,2026-10-01T21:11:54.990Z,Roger Rogoff,Roger Rogoff: us attorney lawsuit,scandal,12,0,10,86,0,18,ARCHIVE,What the Roger Rogoff roger rogoff: us attorney lawsuit filings actually say — line by line — the number behind the headline,RESEARCH,3.5,unknown,60,trends,0,v2
story-tracy-gives-chase,2026-10-01T20:40:25.552Z,2026-10-01T20:40:25.552Z,Tracy Gives Chase,Tracy Gives Chase: General Hospital Preview: Tracy Gives Chase a Blunt Reality Check,scandal,19,0,0,64,0,19,ARCHIVE,What the Tracy Gives Chase tracy gives chase: general hospital preview: tracy gives chase a blunt reality check filings actually say — line by line — the other side of the fight,RESEARCH,3.5,unknown,60,news,0,v2
story-trump-defends-white,2026-10-01T19:12:45.731Z,2026-10-01T19:39:24.751Z,Trump Defends White,Trump Defends White: House Construction Projects—Claims White House Had ‘Massive Gaping Wounds’,tech,18,-1,0,64,0,18,ARCHIVE,The Trump Defends White trump defends white: house construction projects—claims white house had ‘massive gaping wounds’ story is actually a money story — the other side of the fight,RESEARCH,7.5,unknown,273,news,0,v2
story-jim-justice,2026-10-01T16:56:07.115Z,2026-10-01T17:41:41.682Z,Jim Justice,Jim Justice: trending now,scandal,10,0,0,64,0,17,ARCHIVE,What the Jim Justice jim justice: trending now filings actually say — line by line — the other side of the fight,KEPT,3.5,unknown,14,trends,0,v2
story-david-hearn,2026-10-01T17:04:33.554Z,2026-10-01T17:41:41.682Z,David Hearn,David Hearn: reflecting pool case dismissed,tech,17,-2,0,64,5,18,ARCHIVE,The David Hearn david hearn: reflecting pool case dismissed story is actually a money story — the other side of the fight,RESEARCH,5,closed,0,trends|news,2,v2
story-grant-holmes,2026-10-01T17:04:33.554Z,2026-10-01T17:41:41.682Z,Grant Holmes,Grant Holmes: at some point — will pitch in Thursday’s elimination game,scandal,16,-1,0,64,0,19,ARCHIVE,What the Grant Holmes grant holmes: at some point — will pitch in thursday’s elimination game filings actually say — line by line — the other side of the fight,RESEARCH,3.5,unknown,23,news,0,v2
story-founder-cronos-dead,2026-10-01T17:26:35.832Z,2026-10-01T17:41:41.682Z,Founder Cronos Dead,Founder Cronos Dead: Venom Founder Cronos Dead at 63,scandal,18,-1,5,64,0,21,ARCHIVE,What the Founder Cronos Dead founder cronos dead: venom founder cronos dead at 63 filings actually say — line by line — the other side of the fight,RESEARCH,3.5,unknown,45,news,0,v2
story-venom-founder,2026-10-01T17:26:35.832Z,2026-10-01T17:41:41.682Z,Venom Founder,Venom Founder: Cronos Dead at 63,scandal,18,-1,5,64,0,21,ARCHIVE,What the Venom Founder venom founder: cronos dead at 63 filings actually say — line by line — the other side of the fight,RESEARCH,3.5,unknown,45,news,0,v2
story-founder-cronos,2026-10-01T17:26:35.832Z,2026-10-01T17:41:41.682Z,Founder Cronos,Founder Cronos: Venom Founder Cronos Dead at 63,scandal,18,-1,5,64,0,21,ARCHIVE,What the Founder Cronos founder cronos: venom founder cronos dead at 63 filings actually say — line by line — the other side of the fight,RESEARCH,3.5,unknown,45,news,0,v2
story-will-review,2026-10-01T17:04:33.554Z,2026-10-01T17:26:35.832Z,Will Review,"Will Review: Supreme Court, Taking On Trump Immigration Agenda, Will Review Migrant Detention Policy",institutional,17,-1,0,34,0,22,ARCHIVE,The Will Review filing that will matter in six months — the other side of the fight,RESEARCH,16,unknown,788,news,0,v2
story-she-addressed-her,2026-10-01T17:04:33.554Z,2026-10-01T17:17:28.059Z,She Addressed Her,She Addressed Her: Kylie Kelce Apologizes to Kate Middleton Over How She Addressed Her: ‘Now I Know’,scandal,18,-1,5,64,0,21,ARCHIVE,What the She Addressed Her she addressed her: kylie kelce apologizes to kate middleton over how she addressed her: ‘now i know’ filings actually say — line by line — the other side of the fight,RESEARCH,3.5,unknown,47,news,0,v2
story-travis-kelce-s,2026-10-01T16:34:19.024Z,2026-10-01T17:04:33.554Z,Travis Kelce's,Travis Kelce's: sister-in-law issues public invitation to Princess of Wales,scandal,18,-1,0,64,0,19,ARCHIVE,What the Travis Kelce's travis kelce's: sister-in-law issues public invitation to princess of wales filings actually say — line by line — the other side of the fight,RESEARCH,3.5,unknown,30,news,0,v2
story-eric-schmitt,2026-09-29T16:23:23.740Z,2026-10-01T15:45:57.905Z,Eric Schmitt,Eric Schmitt: trending now,tech,12,0,0,64,63,15,ARCHIVE,The Eric Schmitt filing that will matter in six months — the other side of the fight,KEPT,10.4,closed,-2369,trends|news,25,v2
story-jack-smith,2026-09-29T13:36:53.695Z,2026-10-01T15:45:57.905Z,Jack Smith,Jack Smith: Live updates: Jack Smith testifies before the Senate Judiciary Committee,institutional,17,-1,0,64,63,18,ARCHIVE,The Jack Smith filing that will matter in six months — the other side of the fight,ARCHIVED,10.4,closed,-2535,trends|news,25,v2
story-michael-smith,2026-10-01T15:37:08.057Z,2026-10-01T15:45:57.905Z,Michael Smith,Michael Smith: trailer park boys,celebrity,28,-8,7,64,23,22,ARCHIVE,The Michael Smith story is a proxy fight about something bigger — the other side of the fight,RESEARCH,4.5,closed,0,trends|news,9,v2
story-shortage-hits-japan,2026-10-01T15:37:08.057Z,2026-10-01T15:45:57.905Z,Shortage Hits Japan,Shortage Hits Japan: PS5 Pro Shortage Hits Japan As Sony Limits Console Purchases To Active Playstation Users Ahead Of GTA 6,scandal,18,-1,0,64,0,19,ARCHIVE,What the Shortage Hits Japan shortage hits japan: ps5 pro shortage hits japan as sony limits console purchases to active playstation users ahead of gta 6 filings actually say — line by line — the other side of the fight,RESEARCH,3.5,unknown,51,news,0,v2
story-rick-ross,2026-10-01T14:04:34.471Z,2026-10-01T15:10:41.351Z,Rick Ross,Rick Ross: Rapper Rick Ross arrested in Miami Beach on felony battery by strangulation charge,tech,27,1,18,64,63,25,ARCHIVE,"What the Rick Ross rick ross: arrested on domestic violence charges after his ex tells police he slapped her, choked her and slammed her int filings actually say — line by line — the other side of the fight",KEPT,2.3,closed,-78,trends|news,25,v2
story-jeff-bezos,2026-10-01T14:04:34.471Z,2026-10-01T14:41:01.968Z,Jeff Bezos,"Jeff Bezos: pledged $10 billion to fight climate change in 2020; 6 years later, his Earth Fund is putting",scandal,25,-3,18,64,63,23,ARCHIVE,"What the Jeff Bezos jeff bezos: pledged $10 billion to fight climate change in 2020; 6 years later, his earth fund is putting filings actually say — line by line — the number behind the headline",RESEARCH,2.6,closed,-30,news,25,v2
story-tom-kim,2026-09-27T20:00:40.612Z,2026-10-01T14:41:01.968Z,Tom Kim,Tom Kim: Why Tom Kim will ‘most likely’ leave Medinah before the Presidents Cup has even finished on Sunday,scandal,21,-2,5,64,8,22,ARCHIVE,The Tom Kim story is a proxy fight about something bigger — the other side of the fight,RESEARCH,6.7,closed,0,trends|news,3,v2
story-dennis-haskins,2026-09-29T02:12:10.149Z,2026-10-01T13:43:58.185Z,Dennis Haskins,"Dennis Haskins: , Star Of ‘Z! True Long Island Story’ And ‘Saved By The Bell,’ Passes Away",celebrity,18,0,0,34,13,22,ARCHIVE,"What the Dennis Haskins dennis haskins: , mr. belding on ‘saved by the bell,’ dies at 75 filings actually say — line by line — the other side of the fight",ARCHIVED,3.4,closed,0,trends|news,5,v2
story-rafael-jodar,2026-10-01T12:47:51.822Z,2026-10-01T12:47:51.822Z,Rafael Jodar,Rafael Jodar: trending now,scandal,12,0,0,64,0,17,ARCHIVE,What the Rafael Jodar rafael jodar: trending now filings actually say — line by line — the other side of the fight,RESEARCH,3.5,unknown,60,trends,0,v2
story-alexander-zverev,2026-10-01T09:19:19.098Z,2026-10-01T12:47:51.822Z,Alexander Zverev,Alexander Zverev: trending now,scandal,16,-9,9,64,15,20,ARCHIVE,The Alexander Zverev story is a proxy fight about something bigger — the other side of the fight,RESEARCH,5.3,closed,0,trends|news,6,v2
story-daniel-vallejo,2026-09-29T08:56:24.376Z,2026-10-01T12:47:51.822Z,Daniel Vallejo,Daniel Vallejo: Adolfo Daniel Vallejo vs Jaime Faria Prediction & Picks - ATP Japan Open,tech,17,-1,0,64,0,19,ARCHIVE,What the Daniel Vallejo daniel vallejo: aplasta por la vía rápida a un irreconocible jódar y le manda a casa a las primeras de cambio en tokio filings actually say — line by line — the other side of the fight,RESEARCH,3.5,closed,0,news,0,v2
story-max-streaming,2026-10-01T11:20:44.668Z,2026-10-01T11:20:44.668Z,Max Streaming,Max Streaming: paramount+ hbo max streaming combination,creator,12,0,0,64,0,17,ARCHIVE,The Max Streaming situation is weirder than the clips suggest — the other side of the fight,RESEARCH,4.2,unknown,102,trends,0,v2
story-bradley-whitford,2026-10-01T10:33:55.416Z,2026-10-01T11:20:44.668Z,Bradley Whitford,Bradley Whitford: The West Wing Revival TV Show Gets Exciting Tease From Star Bradley Whitford,celebrity,25,-3,0,34,63,20,ARCHIVE,What the Bradley Whitford bradley whitford: on bringing back ‘the west wing’ as a ‘limited series’ filings actually say — line by line — the other side of the fight,RESEARCH,2.3,closed,-59,news,25,v2
story-brian-burns,2026-09-28T11:55:52.817Z,2026-10-01T11:20:44.668Z,Brian Burns,Brian Burns: trending now,tech,12,0,0,64,63,13,ARCHIVE,What the Brian Burns brian burns: giants sign jihad ward to bolster pass rush after brian burns injury filings actually say — line by line — the other side of the fight,ARCHIVED,3.5,closed,-4225,trends|news,25,v2
story-larry-krasner,2026-10-01T10:33:55.416Z,2026-10-01T10:33:55.416Z,Larry Krasner,Larry Krasner: Philly DA Larry Krasner said the federal judge who accused him of crimes should be removed from the case,tech,25,0,9,64,0,23,ARCHIVE,The Larry Krasner larry krasner: philly da larry krasner said the federal judge who accused him of crimes should be removed from the case story is actually a money story — the other side of the fight,RESEARCH,7.5,unknown,300,trends|news,0,v2
story-peter-thiel,2026-10-01T10:24:20.479Z,2026-10-01T10:33:55.416Z,Peter Thiel,Peter Thiel: buys troubled Bel-Air mega-mansion for $130 million,tech,28,-5,6,34,13,25,ARCHIVE,The Peter Thiel peter thiel: buys troubled bel-air mega-mansion for $130 million story is actually a money story — the number behind the headline,RESEARCH,5.6,closed,0,news,5,v2
story-charles-kelley,2026-09-29T21:29:43.892Z,2026-10-01T09:34:50.930Z,Charles Kelley,Charles Kelley: Lady A Singer Charles Kelley Announces Cancer Diagnosis: ‘I Feel Really Hopeful’,tech,21,-3,5,64,23,22,ARCHIVE,The Charles Kelley charles kelley: lady a singer charles kelley reveals cancer diagnosis story is actually a money story — the other side of the fight,RESEARCH,7.2,closed,0,trends|news,9,v2
story-jim-carrey,2026-10-01T06:12:14.621Z,2026-10-01T07:17:26.051Z,Jim Carrey,"Jim Carrey: , 64, marries longtime girlfriend Min Ah, 32, in secret Los Angeles ceremony",celebrity,24,-4,7,64,63,20,ARCHIVE,The Jim Carrey story is a proxy fight about something bigger — the detail nobody has explained,RESEARCH,3.9,closed,0,trends|news,25,v2
story-zoe-kazan,2026-10-01T06:59:22.829Z,2026-10-01T06:59:22.829Z,Zoe Kazan,"Zoe Kazan: Florence Pugh, Zoe Kazan, Paul Dano, Vanity Fair, and More Toast to 'East of Eden'",tech,19,0,0,64,0,18,ARCHIVE,"The Zoe Kazan zoe kazan: florence pugh, zoe kazan, paul dano, vanity fair, and more toast to 'east of eden' story is actually a money story — the other side of the fight",RESEARCH,7.5,unknown,300,news,0,v2
story-tiffany-hayes,2026-10-01T04:21:43.579Z,2026-10-01T04:21:43.579Z,Tiffany Hayes,Tiffany Hayes: Why WNBA playoff veteran Tiffany Hayes thinks Valkyries could win it all,celebrity,36,0,7,64,5,31,ARCHIVE,The Tiffany Hayes story is a proxy fight about something bigger — the detail nobody has explained,RESEARCH,5.3,closed,0,trends|news,2,v2
story-ethan-salas,2026-09-25T05:08:32.387Z,2026-10-01T04:21:43.579Z,Ethan Salas,Ethan Salas: trending now,scandal,27,15,0,64,23,19,ARCHIVE,"What the Ethan Salas ethan salas: de padres se convierte en el cátcher más joven en playoffs, en 2do juego ante cachorros filings actually say — line by line — the other side of the fight",BOOSTED,3.9,closed,0,trends|news,9,v2
story-aaron-donald,2026-09-22T00:16:45.916Z,2026-10-01T04:21:43.579Z,Aaron Donald,"Aaron Donald: Giants vs. Rams score, live updates: Puka Nacua out, while Aaron Donald makes his return on Monday Night Footb",scandal,14,0,0,64,63,13,ARCHIVE,The Aaron Donald story is a proxy fight about something bigger — the other side of the fight,ARCHIVED,5.3,closed,-13037,trends|news,25,v2
story-aaron-boone,2026-09-22T18:11:19.211Z,2026-10-01T02:17:37.437Z,Aaron Boone,"Aaron Boone: Yankees' Aaron Judge set to miss wild-card series, says Aaron Boone",scandal,16,-1,14,64,0,24,ARCHIVE,The Aaron Boone story is a proxy fight about something bigger — the other side of the fight,RESEARCH,6,closed,0,news,0,v2
story-anthony-volpe-s,2026-10-01T02:17:37.437Z,2026-10-01T02:17:37.437Z,Anthony Volpe's,Anthony Volpe's: Yankees’ Jazz Chisholm will not be happy with Game 1 benching ... and Anthony Volpe’s ‘very much in play’,tech,19,0,0,64,0,18,ARCHIVE,The Anthony Volpe's anthony volpe's: yankees’ jazz chisholm will not be happy with game 1 benching ... and anthony volpe’s ‘very much in play’ story is actually a money story — the other side of the fight,RESEARCH,7.5,unknown,300,news,0,v2
story-luis-garc,2026-10-01T02:17:37.437Z,2026-10-01T02:17:37.437Z,Luis Garc,"Luis Garc: ía: “Necesitábamos gente nueva, fresca”",scandal,28,0,0,64,0,22,ARCHIVE,"What the Luis Garc luis garc: ía: “necesitábamos gente nueva, fresca” filings actually say — line by line — the other side of the fight",RESEARCH,3.5,unknown,60,news,0,v2
story-steve-hilton,2026-10-01T01:48:36.478Z,2026-10-01T01:48:36.478Z,Steve Hilton,Steve Hilton: trending now,scandal,25,0,0,64,35,17,ARCHIVE,What the Steve Hilton steve hilton: trending now filings actually say — line by line — the other side of the fight,RESEARCH,3.1,closed,0,trends|news,14,v2
story-aaron-judge-s,2026-09-29T23:32:41.502Z,2026-10-01T01:48:36.478Z,Aaron Judge's,"Aaron Judge's: calf strain could cascade into hamstring or Achilles injuries if rushed back, surgeon warns",tech,18,-1,0,64,0,18,ARCHIVE,"The Aaron Judge's aaron judge's: calf strain could cascade into hamstring or achilles injuries if rushed back, surgeon warns story is actually a money story — the other side of the fight",RESEARCH,7.5,closed,0,news,0,v2
story-aaron-judge,2026-09-22T17:43:31.858Z,2026-10-01T01:48:36.478Z,Aaron Judge,Aaron Judge: Yankees' Aaron Judge Injury Update Changes Everything For Red Sox,scandal,6,1,0,64,63,14,ARCHIVE,What the Aaron Judge aaron judge: won't play alwcs; giancarlo stanton makes roster filings actually say — line by line — the other side of the fight,ARCHIVED,2.3,closed,-12017,news|trends,25,v2
story-ben-rice,2026-09-24T00:12:49.833Z,2026-10-01T01:48:36.478Z,Ben Rice,Ben Rice: See Yankees star Ben Rice blast his 40th home run of the season,celebrity,13,0,0,64,33,17,ARCHIVE,What the Ben Rice ben rice: new york yankees announce ben rice change during red sox series filings actually say — line by line — the other side of the fight,KEPT,3.4,closed,0,trends|news,13,v2
story-angel-reese,2026-09-27T15:43:17.288Z,2026-10-01T01:48:36.478Z,Angel Reese,"Angel Reese: Caitlin Clark, Angel Reese, Paige Bueckers, Azzi Fudd, A'ja Wilson Headline AP All-WNBA Teams",celebrity,27,-6,5,64,63,20,ARCHIVE,The Angel Reese story is a proxy fight about something bigger — the other side of the fight,BOOSTED,6,closed,-4715,news|trends,25,v2
story-cody-bellinger,2026-10-01T01:26:31.775Z,2026-10-01T01:48:36.478Z,Cody Bellinger,Cody Bellinger: trending now,tech,21,-4,0,64,5,18,ARCHIVE,The Cody Bellinger cody bellinger: trending now story is actually a money story — the other side of the fight,RESEARCH,5.6,closed,0,trends|news,2,v2
story-trevor-story,2026-09-30T01:26:14.675Z,2026-10-01T01:26:31.775Z,Trevor Story,Trevor Story: Red Sox’ Trevor Story Drops Telling Quote on Potential Yankees Rematch,scandal,19,-12,0,64,8,19,ARCHIVE,What the Trevor Story trevor story: trending now filings actually say — line by line — the other side of the fight,ARCHIVED,3.4,closed,0,trends|news,3,v2
story-mark-zuckerberg,2026-09-24T00:45:10.256Z,2026-10-01T01:03:15.198Z,Mark Zuckerberg,"Mark Zuckerberg: Exclusive Mark Zuckerberg interview: New audio glasses, Muse and AI killing us all",tech,14,-1,0,64,63,14,ARCHIVE,"What the Mark Zuckerberg mark zuckerberg: aaron sorkin on ‘the social reckoning,’ mark zuckerberg, and trump filings actually say — line by line — the other side of the fight",ARCHIVED,3.1,closed,-10062,news,25,v2
story-aaron-sorkin,2026-09-27T05:28:50.735Z,2026-10-01T01:03:15.198Z,Aaron Sorkin,Aaron Sorkin: Officially Confirms ‘The Social Reckoning’ Was Changed Over Legal Concerns,celebrity,21,-1,7,34,18,23,ARCHIVE,The Aaron Sorkin aaron sorkin: why aaron sorkin left trump out of ‘the social reckoning’ story is actually a money story — the detail nobody has explained,RESEARCH,6.6,closed,0,news,7,v2
story-kate-upton,2026-09-30T01:01:48.390Z,2026-10-01T01:03:15.198Z,Kate Upton,Kate Upton: SI Swimsuit gave Justin Verlander a proper retirement send off with look back at Kate Upton cover shoot,scandal,23,-10,0,64,10,18,ARCHIVE,The Kate Upton kate upton: after verlander retirement: 'never watching baseball again' story is actually a money story — the other side of the fight,RESEARCH,7.3,closed,0,news,4,v2
story-justin-verlander,2026-09-25T23:11:11.808Z,2026-10-01T01:03:15.198Z,Justin Verlander,Justin Verlander: trending now,celebrity,10,-10,0,64,63,13,ARCHIVE,What the Justin Verlander justin verlander: si swimsuit gave justin verlander a proper retirement send off with look back at kate upton cover shoot filings actually say — line by line — the other side of the fight,ARCHIVED,2.6,closed,-7306,trends|news,25,v2
story-olivia-miles,2026-09-22T23:43:12.543Z,2026-10-01T00:42:12.867Z,Olivia Miles,Olivia Miles: Live: Lynx can clinch No. 1 playoff seed vs. Caitlin Clark and the Fever. Will Olivia Miles play?,tech,15,0,0,64,63,13,ARCHIVE,"The Olivia Miles olivia miles: cheryl reeves snubs napheesa collier, claims olivia miles and natasha howard were their best players story is actually a money story — the other side of the fight",KEPT,5.6,closed,-11393,news|trends,25,v2
story-anthony-rizzo,2026-09-30T00:40:57.029Z,2026-10-01T00:42:12.867Z,Anthony Rizzo,Anthony Rizzo: Why NBC analyst Anthony Rizzo is bullish on the Astros as the MLB playoffs begin,celebrity,9,0,0,64,3,16,ARCHIVE,What the Anthony Rizzo anthony rizzo: trending now filings actually say — line by line — the other side of the fight,ARCHIVED,3.1,closed,0,trends|news,1,v2
story-miguel-vargas,2026-09-29T22:32:25.915Z,2026-10-01T00:28:28.077Z,Miguel Vargas,Miguel Vargas: trending now,scandal,8,-13,0,64,20,13,ARCHIVE,What the Miguel Vargas miguel vargas: trending now filings actually say — line by line — the other side of the fight,ARCHIVED,2.6,closed,0,trends|news,8,v2
story-jordan-hicks,2026-09-29T23:32:41.502Z,2026-10-01T00:00:15.780Z,Jordan Hicks,Jordan Hicks: 'It feels like home': 4-star DB Jordan Hicks takes first-ever visit to Alabama,celebrity,28,3,5,64,0,25,ARCHIVE,The Jordan Hicks story is a proxy fight about something bigger — the other side of the fight,KEPT,6.6,closed,0,trends|news,0,v2
story-will-win,2026-09-25T14:40:45.354Z,2026-09-30T23:34:13.266Z,Will Win,Will Win: Experts Predict: Who Will Win Laver Cup London 2026?,scandal,15,-1,0,64,0,19,ARCHIVE,What the Will Win will win: big brother finale poll: who will win season 28? and who should win? filings actually say — line by line — the other side of the fight,KEPT,3.5,closed,0,news,0,v2
story-reggie-travers,2026-09-30T22:41:20.207Z,2026-09-30T23:06:26.121Z,Reggie Travers,Reggie Travers: Twitch streamer Reggie Travers accuses brother of sexual abuse in tearful video,creator,18,-1,18,64,0,26,ARCHIVE,The Reggie Travers situation is weirder than the clips suggest — the other side of the fight,RESEARCH,4.2,unknown,77,news,0,v2
story-kai-cenat,2026-09-30T22:41:20.207Z,2026-09-30T23:06:26.121Z,Kai Cenat,Kai Cenat: trending now,tech,21,-4,0,64,63,14,ARCHIVE,The Kai Cenat kai cenat: trending now story is actually a money story — the other side of the fight,RESEARCH,5.6,closed,0,trends|news,25,v2
story-noah-cameron,2026-09-30T22:41:20.207Z,2026-09-30T22:41:20.207Z,Noah Cameron,Noah Cameron: strikes out three against the Guardians,tech,28,0,0,64,0,21,ARCHIVE,The Noah Cameron noah cameron: strikes out three against the guardians story is actually a money story — the other side of the fight,RESEARCH,7.5,unknown,300,news,0,v2
story-jeremy-pena,2026-09-30T22:31:15.436Z,2026-09-30T22:41:20.207Z,Jeremy Pena,Jeremy Pena: And Astros Square Off Against White Sox On Sept. 30,tech,18,-1,0,64,0,18,ARCHIVE,The Jeremy Pena jeremy pena: and astros square off against white sox on sept. 30 story is actually a money story — the other side of the fight,RESEARCH,7.5,unknown,290,news,0,v2
story-authorities-say-she,2026-09-30T21:53:33.746Z,2026-09-30T21:53:33.746Z,Authorities Say She,Authorities Say She: Andrea Shaw Says Vaccines Killed Her Twins. Authorities Say She Suffocated Them.,scandal,19,0,0,34,0,22,ARCHIVE,What the Authorities Say She authorities say she: andrea shaw says vaccines killed her twins. authorities say she suffocated them. filings actually say — line by line — the other side of the fight,RESEARCH,3.5,unknown,60,news,0,v2
story-shaw-says-vaccines,2026-09-30T21:53:33.746Z,2026-09-30T21:53:33.746Z,Shaw Says Vaccines,Shaw Says Vaccines: Andrea Shaw Says Vaccines Killed Her Twins. Authorities Say She Suffocated Them.,scandal,19,0,0,34,0,22,ARCHIVE,What the Shaw Says Vaccines shaw says vaccines: andrea shaw says vaccines killed her twins. authorities say she suffocated them. filings actually say — line by line — the other side of the fight,RESEARCH,3.5,unknown,60,news,0,v2
story-sean-burke,2026-09-30T05:45:41.817Z,2026-09-30T21:53:33.746Z,Sean Burke,Sean Burke: White Sox's Sean Burke Drops Legendary Quote Ahead of MLB Wild Card Game 2 Start vs. Astros,celebrity,5,-19,9,64,8,19,ARCHIVE,The Sean Burke story is a proxy fight about something bigger — the other side of the fight,ARCHIVED,5.9,closed,0,trends|news,3,v2
story-alec-bohm,2026-09-29T18:49:59.344Z,2026-09-30T21:29:32.907Z,Alec Bohm,Alec Bohm: trending now,scandal,14,-1,0,64,45,15,ARCHIVE,What the Alec Bohm alec bohm: trending now filings actually say — line by line — the other side of the fight,ARCHIVED,3,closed,0,trends|news,18,v2
story-andrew-painter,2026-09-30T21:29:32.907Z,2026-09-30T21:29:32.907Z,Andrew Painter,Andrew Painter: trending now,tech,25,0,0,64,0,20,ARCHIVE,The Andrew Painter andrew painter: trending now story is actually a money story — the other side of the fight,RESEARCH,7.5,unknown,300,trends|news,0,v2
story-ryan-nembhard,2026-09-22T20:54:20.138Z,2026-09-30T20:56:30.386Z,Ryan Nembhard,Ryan Nembhard: trending now,scandal,26,3,6,64,13,24,ARCHIVE,What the Ryan Nembhard ryan nembhard: news: signing two-way deal with denver filings actually say — line by line — the number behind the headline,KEPT,3.9,closed,0,trends|news,5,v2
story-john-kruk,2026-09-29T20:19:44.305Z,2026-09-30T20:24:12.484Z,John Kruk,John Kruk: trending now,scandal,20,-3,0,64,0,20,ARCHIVE,What the John Kruk john kruk: trending now filings actually say — line by line — the other side of the fight,BOOSTED,4.2,closed,0,trends|news,0,v2
story-joey-votto,2026-09-30T20:13:43.779Z,2026-09-30T20:13:43.779Z,Joey Votto,Joey Votto: trending now,scandal,31,0,0,64,0,24,ARCHIVE,What the Joey Votto joey votto: trending now filings actually say — line by line — the other side of the fight,RESEARCH,3.5,unknown,60,trends|news,0,v2
story-mahle-reacts-before,2026-09-30T18:46:00.399Z,2026-09-30T19:47:02.064Z,Mahle Reacts Before,Mahle Reacts Before: Tyler Mahle Reacts Before Braves Try to Close Out Phillies,scandal,17,-1,0,64,0,19,ARCHIVE,What the Mahle Reacts Before mahle reacts before: tyler mahle reacts before braves try to close out phillies filings actually say — line by line — the other side of the fight,RESEARCH,3.5,closed,0,news,0,v2
story-austin-riley,2026-09-30T18:46:00.399Z,2026-09-30T18:46:00.399Z,Austin Riley,"Austin Riley: emerges as Braves unlikely wild card hero as Chris Sale, Jesús Luzardo duel in MLB playoff opener",celebrity,19,0,0,64,0,19,ARCHIVE,The Austin Riley story is a proxy fight about something bigger — the other side of the fight,RESEARCH,6,unknown,210,news,0,v2
story-chris-sale,2026-09-29T18:12:00.203Z,2026-09-30T18:46:00.399Z,Chris Sale,"Chris Sale: Phillies vs. Braves live updates, news, starting pitchers for Game 1: Chris Sale, Jesús Luzardo take the mound",celebrity,16,-1,0,64,0,19,ARCHIVE,The Chris Sale story is a proxy fight about something bigger — the other side of the fight,RESEARCH,6,closed,0,news,0,v2
story-ken-paxton-s,2026-09-30T18:16:05.594Z,2026-09-30T18:32:33.385Z,Ken Paxton's,Ken Paxton's: take on Republican convention heard on leaked audio,scandal,18,-1,7,64,0,22,ARCHIVE,What the Ken Paxton's ken paxton's: take on republican convention heard on leaked audio filings actually say — line by line — the detail nobody has explained,RESEARCH,3.5,unknown,44,news,0,v2
story-privately-said-trump-s,2026-09-30T18:32:33.385Z,2026-09-30T18:32:33.385Z,Privately Said Trump's,"Privately Said Trump's: Ken Paxton, G.O.P. Nominee in Texas, Privately Said Trump’s Convention Hurt Him",tech,19,0,0,34,0,21,ARCHIVE,"The Privately Said Trump's privately said trump's: ken paxton, g.o.p. nominee in texas, privately said trump’s convention hurt him story is actually a money story — the other side of the fight",RESEARCH,7.5,unknown,300,news,0,v2
story-jason-priestley,2026-09-30T16:00:12.805Z,2026-09-30T17:12:14.127Z,Jason Priestley,Jason Priestley: trending now,scandal,9,-1,0,64,0,17,ARCHIVE,What the Jason Priestley jason priestley: trending now filings actually say — line by line — the other side of the fight,KEPT,3.5,closed,0,trends,0,v2
story-moore-says-it,2026-09-30T15:10:40.539Z,2026-09-30T16:41:32.295Z,Moore Says It,Moore Says It: Shemar Moore Says It Was ‘Hard to Say Goodbye’ to ‘S.W.A.T.’ Cast After 8 Years (Exclusive),scandal,15,-1,0,64,0,19,ARCHIVE,What the Moore Says It moore says it: shemar moore says it was ‘hard to say goodbye’ to ‘s.w.a.t.’ cast after 8 years (exclusive) filings actually say — line by line — the other side of the fight,KEPT,3.5,closed,0,news,0,v2
story-braff-gives-discouraging,2026-09-30T15:25:13.404Z,2026-09-30T16:18:57.256Z,Braff Gives Discouraging,Braff Gives Discouraging: 'Scrubs' Zach Braff Gives Discouraging Ken Jenkins Return Update,scandal,17,-1,4,34,0,23,ARCHIVE,What the Braff Gives Discouraging braff gives discouraging: 'scrubs' zach braff gives discouraging ken jenkins return update filings actually say — line by line — the other side of the fight,RESEARCH,3.5,unknown,6,news,0,v2
story-ken-jenkins,2026-09-30T15:25:13.404Z,2026-09-30T16:18:57.256Z,Ken Jenkins,Ken Jenkins: 'Scrubs' Zach Braff Gives Discouraging Ken Jenkins Return Update,scandal,17,-1,4,34,0,23,ARCHIVE,What the Ken Jenkins ken jenkins: 'scrubs' zach braff gives discouraging ken jenkins return update filings actually say — line by line — the other side of the fight,RESEARCH,3.5,unknown,6,news,0,v2
story-zach-braff,2026-09-30T14:04:49.093Z,2026-09-30T16:18:57.256Z,Zach Braff,Zach Braff: trending now,scandal,11,-8,4,34,13,22,ARCHIVE,What the Zach Braff zach braff: 'scrubs' zach braff gives discouraging ken jenkins return update filings actually say — line by line — the other side of the fight,KEPT,3.9,closed,0,trends|news,5,v2
story-russell-lands-contract,2026-09-30T15:10:40.539Z,2026-09-30T16:18:57.256Z,Russell Lands Contract,Russell Lands Contract: D'Angelo Russell Lands Contract in Chinese Basketball Association After Grizzlies Release,scandal,16,-1,6,64,0,21,ARCHIVE,What the Russell Lands Contract russell lands contract: d'angelo russell lands contract in chinese basketball association after grizzlies release filings actually say — line by line — the number behind the headline,RESEARCH,3.5,closed,0,news,0,v2
story-scott-foley,2026-09-30T14:04:49.093Z,2026-09-30T14:04:49.093Z,Scott Foley,"Scott Foley: Johnny Kastl Poised To Return To 'Scrubs', Scott Foley Preview & More",scandal,19,0,0,34,0,22,ARCHIVE,"What the Scott Foley scott foley: johnny kastl poised to return to 'scrubs', scott foley preview & more filings actually say — line by line — the other side of the fight",RESEARCH,3.5,unknown,60,news,0,v2
story-adam-sandler,2026-09-21T12:03:57.511Z,2026-09-30T12:13:26.427Z,Adam Sandler,Adam Sandler: trending now,celebrity,8,0,0,64,63,13,ARCHIVE,What the Adam Sandler adam sandler: trending now filings actually say — line by line — the other side of the fight,ARCHIVED,2.3,closed,-12981,trends|news,25,v2
story-evan-gershkovich,2026-09-30T10:41:36.744Z,2026-09-30T11:19:53.297Z,Evan Gershkovich,Evan Gershkovich: trending now,tech,19,-2,0,34,8,20,ARCHIVE,The Evan Gershkovich evan gershkovich: trending now story is actually a money story — the other side of the fight,RESEARCH,4.9,closed,0,trends|news,3,v2
story-mitchell-soccer,2026-09-30T11:19:53.297Z,2026-09-30T11:19:53.297Z,Mitchell Soccer,"Mitchell Soccer: Association continues to grow, build momentum for youth soccer",celebrity,28,0,0,64,0,22,ARCHIVE,The Mitchell Soccer story is a proxy fight about something bigger — the other side of the fight,RESEARCH,6,unknown,210,news,0,v2
story-evan-gershkovich-s,2026-09-30T11:19:53.297Z,2026-09-30T11:19:53.297Z,Evan Gershkovich's,"Evan Gershkovich's: In Evan Gershkovich’s new memoir, prison is a microcosm of Russia",scandal,19,0,0,64,0,19,ARCHIVE,"What the Evan Gershkovich's evan gershkovich's: in evan gershkovich’s new memoir, prison is a microcosm of russia filings actually say — line by line — the other side of the fight",RESEARCH,3.5,unknown,60,news,0,v2
story-alex-karp,2026-09-30T10:53:22.483Z,2026-09-30T10:53:22.483Z,Alex Karp,"Alex Karp: Palantir CEO Alex Karp buys 15,000 hectares of Swedish forest",scandal,25,0,5,64,0,23,ARCHIVE,"What the Alex Karp alex karp: palantir ceo alex karp buys 15,000 hectares of swedish forest filings actually say — line by line — the other side of the fight",RESEARCH,3.5,unknown,60,trends|news,0,v2
story-ken-griffin,2026-09-30T10:41:36.744Z,2026-09-30T10:53:22.483Z,Ken Griffin,Ken Griffin: Hedge fund CEO Ken Griffin donates $3 billion to Carnegie Mellon as part of his bet on Florida,scandal,26,-5,14,34,10,28,ARCHIVE,What the Ken Griffin ken griffin: hedge fund ceo ken griffin donates $3 billion to carnegie mellon as part of his bet on florida filings actually say — line by line — the number behind the headline,RESEARCH,2.6,closed,-6,trends|news,4,v2
story-michael-weatherly,2026-09-30T10:05:49.350Z,2026-09-30T10:05:49.350Z,Michael Weatherly,Michael Weatherly: Will Tony & Gibbs Reunite? Michael Weatherly Teases ‘NCIS’ Crossover,tech,33,0,0,64,0,27,ARCHIVE,The Michael Weatherly michael weatherly: will tony & gibbs reunite? michael weatherly teases ‘ncis’ crossover story is actually a money story — the other side of the fight,RESEARCH,7.5,unknown,300,news,0,v2
story-tom-cruise,2026-09-22T23:04:01.336Z,2026-09-30T10:05:49.350Z,Tom Cruise,Tom Cruise: Kate Middleton Goes Full Movie Star Mode for a Night With Tom Cruise,celebrity,14,0,0,34,63,20,ARCHIVE,What the Tom Cruise tom cruise: trending now filings actually say — line by line — the other side of the fight,ARCHIVED,2.6,closed,-10736,news|trends,25,v2
story-tom-cruise-s,2026-09-23T21:51:28.884Z,2026-09-30T10:05:49.350Z,Tom Cruise's,Tom Cruise's: Tom Cruise’s Sweet Gesture Toward Kate Middleton Actually Breaks This Royal Rule,scandal,15,0,0,34,0,23,ARCHIVE,What the Tom Cruise's tom cruise's: digger review – tom cruise’s loudmouth oil tycoon goes hard in alejandro g iñárritu’s eco-satire filings actually say — line by line — the other side of the fight,KEPT,3.5,closed,0,news,0,v2
story-will-include,2026-09-30T09:57:41.767Z,2026-09-30T10:05:49.350Z,Will Include,Will Include: Grand Theft Auto 6 Will Include Over 170 Species Of Animals As Well As Hurricanes: 'Wind Will Blow Ripples Ove,scandal,18,-1,0,64,0,19,ARCHIVE,What the Will Include will include: grand theft auto 6 will include over 170 species of animals as well as hurricanes: 'wind will blow ripples ove filings actually say — line by line — the other side of the fight,RESEARCH,3.5,unknown,52,news,0,v2
story-will-blow,2026-09-30T09:57:41.767Z,2026-09-30T10:05:49.350Z,Will Blow,Will Blow: Grand Theft Auto 6 Will Include Over 170 Species Of Animals As Well As Hurricanes: 'Wind Will Blow Ripples Ove,scandal,18,-1,0,64,0,19,ARCHIVE,What the Will Blow will blow: grand theft auto 6 will include over 170 species of animals as well as hurricanes: 'wind will blow ripples ove filings actually say — line by line — the other side of the fight,RESEARCH,3.5,unknown,52,news,0,v2
story-eli-raridon,2026-09-30T09:57:41.767Z,2026-09-30T09:57:41.767Z,Eli Raridon,Eli Raridon: family news,scandal,25,0,0,64,5,20,ARCHIVE,What the Eli Raridon eli raridon: family news filings actually say — line by line — the other side of the fight,RESEARCH,3.1,closed,0,trends|news,2,v2
story-chad-tracy,2026-09-30T09:57:41.767Z,2026-09-30T09:57:41.767Z,Chad Tracy,Chad Tracy: Red Sox manager Chad Tracy says decision to add Crochet to playoff roster 'not overly difficult',scandal,19,0,0,64,0,19,ARCHIVE,What the Chad Tracy chad tracy: red sox manager chad tracy says decision to add crochet to playoff roster 'not overly difficult' filings actually say — line by line — the other side of the fight,RESEARCH,3.5,unknown,60,news,0,v2
story-justin-jefferson,2026-09-30T08:55:15.652Z,2026-09-30T09:07:48.196Z,Justin Jefferson,"Justin Jefferson: 2026 NFL Week 4 Injury Report: Achane's ACL, updates on Baker Mayfield, Justin Jefferson, Breece Hall, more",celebrity,18,-1,0,64,0,19,ARCHIVE,The Justin Jefferson story is a proxy fight about something bigger — the other side of the fight,RESEARCH,6,unknown,197,news,0,v2
story-evan-bouchard,2026-09-30T06:53:37.102Z,2026-09-30T07:47:53.254Z,Evan Bouchard,Evan Bouchard: tallies goal vs. Oilers,scandal,21,-4,9,64,33,20,ARCHIVE,What the Evan Bouchard evan bouchard: tallies goal vs. oilers filings actually say — line by line — the other side of the fight,RESEARCH,2.6,closed,-48,trends|news,13,v2
story-josh-allen-s,2026-09-30T06:23:51.670Z,2026-09-30T06:53:37.102Z,Josh Allen's,"Josh Allen's: Wife, Hailee Steinfield, Announces Difficult Personal News Before Chargers-Bills",tech,25,-3,0,64,63,15,ARCHIVE,"The Josh Allen's josh allen's: wife, hailee steinfield, announces difficult personal news before chargers-bills story is actually a money story — the other side of the fight",RESEARCH,6.6,closed,0,news,25,v2
story-will-he,2026-09-30T06:23:51.670Z,2026-09-30T06:53:37.102Z,Will He,Will He: Cubs Slugger Has Beaten Mason Miller’s Slider. Will He See It Again?,tech,18,-1,0,64,0,18,ARCHIVE,The Will He will he: cubs slugger has beaten mason miller’s slider. will he see it again? story is actually a money story — the other side of the fight,RESEARCH,7.5,unknown,270,news,0,v2
story-jimmy-kimmel,2026-09-29T07:03:25.352Z,2026-09-30T06:53:37.102Z,Jimmy Kimmel,Jimmy Kimmel: trending now,scandal,18,-1,0,64,63,16,ARCHIVE,What the Jimmy Kimmel jimmy kimmel: live schedule for the week of 9/28/2026 filings actually say — line by line — the other side of the fight,KEPT,2.3,closed,-1442,trends|news,25,v2
story-maya-joint,2026-09-23T07:06:16.371Z,2026-09-30T06:53:37.102Z,Maya Joint,Maya Joint: trending now,scandal,20,-2,9,64,8,26,ARCHIVE,What the Maya Joint maya joint: wta beijing first round best bets including maya joint vs sinja kraus filings actually say — line by line — the other side of the fight,KEPT,4.5,closed,0,trends|news,3,v2
story-mason-miller,2026-09-30T05:45:41.817Z,2026-09-30T06:53:37.102Z,Mason Miller,Mason Miller: trending now,celebrity,19,-2,0,64,3,20,ARCHIVE,The Mason Miller story is a proxy fight about something bigger — the other side of the fight,RESEARCH,5.3,unknown,100,trends|news,1,v2
story-joe-musgrove,2026-09-30T05:45:41.817Z,2026-09-30T06:53:37.102Z,Joe Musgrove,Joe Musgrove: trending now,scandal,23,-3,9,64,43,21,ARCHIVE,The Joe Musgrove story is a proxy fight about something bigger — the other side of the fight,RESEARCH,4.5,closed,0,trends|news,17,v2
story-mason-miller-s,2026-09-30T06:53:37.102Z,2026-09-30T06:53:37.102Z,Mason Miller's,Mason Miller's: Cubs Slugger Has Beaten Mason Miller’s Slider. Will He See It Again?,tech,19,0,0,64,0,18,ARCHIVE,The Mason Miller's mason miller's: cubs slugger has beaten mason miller’s slider. will he see it again? story is actually a money story — the other side of the fight,RESEARCH,7.5,unknown,300,news,0,v2
story-steinfeld-shares-exciting,2026-09-30T06:53:37.102Z,2026-09-30T06:53:37.102Z,Steinfeld Shares Exciting,Steinfeld Shares Exciting: Josh Allen’s Wife Hailee Steinfeld Shares Exciting News Before Bills-Chargers Game,tech,19,0,0,64,0,18,ARCHIVE,The Steinfeld Shares Exciting steinfeld shares exciting: josh allen’s wife hailee steinfeld shares exciting news before bills-chargers game story is actually a money story — the other side of the fight,RESEARCH,7.5,unknown,300,news,0,v2
story-amy-schumer,2026-09-30T06:53:37.102Z,2026-09-30T06:53:37.102Z,Amy Schumer,Amy Schumer: trending now,scandal,12,0,0,64,0,17,ARCHIVE,What the Amy Schumer amy schumer: trending now filings actually say — line by line — the other side of the fight,RESEARCH,3.5,unknown,60,trends,0,v2
story-bruce-springsteen,2026-09-30T06:53:37.102Z,2026-09-30T06:53:37.102Z,Bruce Springsteen,Bruce Springsteen: to miss 'Jimmy Kimmel' appearance with Tom Morello,tech,19,0,0,64,0,18,ARCHIVE,The Bruce Springsteen bruce springsteen: to miss 'jimmy kimmel' appearance with tom morello story is actually a money story — the other side of the fight,RESEARCH,7.5,unknown,300,news,0,v2
story-tom-morello,2026-09-30T06:53:37.102Z,2026-09-30T06:53:37.102Z,Tom Morello,Tom Morello: Bruce Springsteen to miss 'Jimmy Kimmel' appearance with Tom Morello,tech,19,0,0,64,0,18,ARCHIVE,The Tom Morello tom morello: bruce springsteen to miss 'jimmy kimmel' appearance with tom morello story is actually a money story — the other side of the fight,RESEARCH,7.5,unknown,300,news,0,v2
story-howard-stern,2026-09-30T06:53:37.102Z,2026-09-30T06:53:37.102Z,Howard Stern,"Howard Stern: Paul McCartney, Howard Stern, Pete Davidson, TV on the Radio, Bernie Sanders and Goose to Join Jimmy Kimmel in",scandal,19,0,0,64,0,19,ARCHIVE,"What the Howard Stern howard stern: paul mccartney, howard stern, pete davidson, tv on the radio, bernie sanders and goose to join jimmy kimmel in filings actually say — line by line — the other side of the fight",RESEARCH,3.5,unknown,60,news,0,v2
story-pedro-martinez,2026-09-30T04:09:37.995Z,2026-09-30T04:09:37.995Z,Pedro Martinez,Pedro Martinez: MLB Legend Pedro Martinez Reveals What Yankees Should Do in Playoffs,celebrity,19,0,0,64,0,19,ARCHIVE,The Pedro Martinez story is a proxy fight about something bigger — the other side of the fight,RESEARCH,6,unknown,210,news,0,v2
story-max-fried,2026-09-30T04:09:37.995Z,2026-09-30T04:09:37.995Z,Max Fried,Max Fried: trending now,tech,31,0,0,64,5,25,ARCHIVE,The Max Fried max fried: trending now story is actually a money story — the other side of the fight,RESEARCH,6.6,closed,0,trends|news,2,v2
story-ted-lasso,2026-09-30T04:09:37.995Z,2026-09-30T04:09:37.995Z,Ted Lasso,Ted Lasso: mae ted lasso,tech,28,0,0,64,63,20,ARCHIVE,The Ted Lasso ted lasso: mae ted lasso story is actually a money story — the other side of the fight,RESEARCH,6.6,closed,0,trends|news,25,v2
story-tyler-cameron,2026-09-23T00:51:26.424Z,2026-09-30T02:17:07.577Z,Tyler Cameron,Tyler Cameron: Exclusive | Dylan Efron reacts to Derek Hough's hilarious Tyler Cameron flub on 'DWTS' — and all the viral Tik,scandal,30,16,0,64,23,23,ARCHIVE,What the Tyler Cameron tyler cameron: trending now filings actually say — line by line — the other side of the fight,ARCHIVED,3.4,closed,0,trends|news,9,v2
story-brian-austin,2026-09-30T02:17:07.577Z,2026-09-30T02:17:07.577Z,Brian Austin,Brian Austin: Green’s comments about Dancing With the Stars ‘stress’ spark backlash,celebrity,36,0,10,64,5,32,ARCHIVE,The Brian Austin story is a proxy fight about something bigger — the other side of the fight,RESEARCH,5.3,closed,0,trends|news,2,v2
story-austin-green,2026-09-30T02:17:07.577Z,2026-09-30T02:17:07.577Z,Austin Green,Austin Green: brian austin green,scandal,31,0,0,64,8,26,ARCHIVE,What the Austin Green austin green: brian austin green filings actually say — line by line — the other side of the fight,RESEARCH,3.1,closed,0,trends|news,3,v2
story-patrick-harris,2026-09-30T01:50:31.220Z,2026-09-30T01:50:31.220Z,Patrick Harris,Patrick Harris: Neil Patrick Harris to Star in ‘Damn Yankees’ Revival on Broadway,celebrity,31,0,5,34,8,31,ARCHIVE,The Patrick Harris story is a proxy fight about something bigger — the other side of the fight,RESEARCH,5.3,closed,0,trends|news,3,v2
story-neil-patrick,2026-09-30T01:50:31.220Z,2026-09-30T01:50:31.220Z,Neil Patrick,Neil Patrick: Harris to Star in ‘Damn Yankees’ Revival on Broadway,celebrity,31,0,5,34,5,32,ARCHIVE,The Neil Patrick story is a proxy fight about something bigger — the other side of the fight,RESEARCH,5.3,closed,0,trends|news,2,v2
story-josh-hartnett,2026-09-29T06:40:27.486Z,2026-09-30T01:50:31.220Z,Josh Hartnett,Josh Hartnett: trending now,scandal,14,0,0,26,18,20,ARCHIVE,"What the Josh Hartnett josh hartnett: 'verity' puts anne hathaway, dakota johnson and josh hartnett in a steamy colleen hoover thriller filings actually say — line by line — the other side of the fight",KEPT,3.5,closed,0,trends|news,7,v2
story-neil-pierre,2026-09-30T01:01:48.390Z,2026-09-30T01:01:48.390Z,Neil Pierre,Neil Pierre: Who is Neil Pierre? The USMNT giant with the potential to rival Pau Cubarsi,celebrity,31,0,14,34,0,36,ARCHIVE,The Neil Pierre story is a proxy fight about something bigger — the other side of the fight,RESEARCH,6,unknown,210,trends|news,0,v2
story-paul-goldschmidt,2026-09-30T01:01:48.390Z,2026-09-30T01:01:48.390Z,Paul Goldschmidt,"Paul Goldschmidt: How Yankees’ Paul Goldschmidt can join Rickey Henderson, other former stars in MLB history vs. Red Sox",celebrity,31,0,14,64,0,33,ARCHIVE,The Paul Goldschmidt story is a proxy fight about something bigger — the other side of the fight,RESEARCH,6,unknown,210,trends|news,0,v2
story-will-be,2026-09-23T00:51:26.424Z,2026-09-30T01:01:48.390Z,Will Be,Will Be: Bruno Tonioli Warns Judging Will Be Tougher Than Ever on ‘Dancing With the Stars’ Season 35,celebrity,18,-1,0,64,0,19,ARCHIVE,What the Will Be will be: ‘dwts’: who will be eliminated on yacht rock night? filings actually say — line by line — the other side of the fight,RESEARCH,3.5,closed,0,news,0,v2
story-justin-herbert,2026-09-27T15:12:52.854Z,2026-09-30T00:40:57.029Z,Justin Herbert,Justin Herbert: could pass to his brother as Chargers elevate tight end Patrick Herbert,scandal,16,0,5,64,0,21,ARCHIVE,"What the Justin Herbert justin herbert: fantasy football panic meter: justin herbert, malik nabers, drake maye filings actually say — line by line — the other side of the fight",KEPT,3.5,closed,0,news,0,v2
story-josh-hader,2026-09-24T06:17:43.466Z,2026-09-30T00:40:57.029Z,Josh Hader,Josh Hader: Astros’ facing make-or-break moment with Josh Hader trade decision,scandal,16,-1,0,64,3,19,ARCHIVE,The Josh Hader josh hader: trending now story is actually a money story — the other side of the fight,RESEARCH,8.3,closed,0,trends|news,1,v2
story-julia-stiles,2026-09-23T20:07:39.336Z,2026-09-30T00:40:57.029Z,Julia Stiles,Julia Stiles: julianne hough supports julia stiles,scandal,29,18,11,64,20,24,ARCHIVE,The Julia Stiles story is a proxy fight about something bigger — the number behind the headline,BOOSTED,6.6,closed,0,trends|news,8,v2
story-tim-ream,2026-09-30T00:40:57.029Z,2026-09-30T00:40:57.029Z,Tim Ream,Tim Ream: trending now,tech,31,0,0,34,0,25,ARCHIVE,The Tim Ream tim ream: trending now story is actually a money story — the other side of the fight,RESEARCH,7.5,unknown,300,trends|news,0,v2
story-adam-levine,2026-09-24T01:04:44.854Z,2026-09-30T00:17:37.633Z,Adam Levine,Adam Levine: ‘The Voice’ recap: Adam Levine gets ‘scrappy’ in four-chair turn fight for ‘the best blind audition’ artist,tech,12,5,4,64,33,16,ARCHIVE,What the Adam Levine adam levine: the voice season 30: an epic fake-out leaves adam levine 'crushed' in week two — vote for your favorite auditi filings actually say — line by line — the other side of the fight,ARCHIVED,3,closed,0,trends|news,13,v2
story-matthew-knies,2026-09-28T19:58:32.580Z,2026-09-29T23:49:02.617Z,Matthew Knies,Matthew Knies: trending now,scandal,10,-16,0,34,18,18,ARCHIVE,What the Matthew Knies matthew knies: to columbus: the strange end to a maple leafs success story filings actually say — line by line — the other side of the fight,ARCHIVED,2.3,closed,0,trends|news,7,v2
story-riley-green,2026-09-24T01:04:44.854Z,2026-09-29T23:32:41.502Z,Riley Green,Riley Green: Kelly Clarkson Had a Shocking Reaction to a ‘Voice’ Contestant Who Couldn’t Stop Staring at Riley Green,celebrity,21,-2,9,64,63,19,ARCHIVE,The Riley Green story is a proxy fight about something bigger — the other side of the fight,ARCHIVED,5.3,closed,-8380,news,25,v2
story-barry-melrose,2026-09-29T23:04:05.114Z,2026-09-29T23:32:41.502Z,Barry Melrose,Barry Melrose: trending now,celebrity,26,-5,0,64,5,21,ARCHIVE,The Barry Melrose story is a proxy fight about something bigger — the other side of the fight,RESEARCH,5.3,closed,0,trends|news,2,v2
story-jose-altuve,2026-09-29T22:32:25.915Z,2026-09-29T23:04:05.114Z,Jose Altuve,Jose Altuve: playing second base versus White Sox,scandal,23,-3,13,64,15,24,ARCHIVE,What the Jose Altuve jose altuve: playing second base versus white sox filings actually say — line by line — the other side of the fight,RESEARCH,2.3,closed,-44,trends|news,6,v2
story-mike-evans,2026-09-20T23:12:20.352Z,2026-09-29T23:04:05.114Z,Mike Evans,Mike Evans: Injury 49ers,scandal,10,1,6,64,8,18,ARCHIVE,"What the Mike Evans mike evans: jerry rice's son brenden gets 49ers tryout as mike evans, more wrs deal with injuries filings actually say — line by line — the number behind the headline",ARCHIVED,3.9,closed,0,trends|news,3,v2
story-luis-arr,2026-09-26T15:20:22.722Z,2026-09-29T23:04:05.114Z,Luis Arr,Luis Arr: trending now,scandal,18,6,0,64,0,19,ARCHIVE,The Luis Arr story is a proxy fight about something bigger — the other side of the fight,BOOSTED,6,closed,0,trends|news,0,v2
story-will-jose,2026-09-29T23:04:05.114Z,2026-09-29T23:04:05.114Z,Will Jose,Will Jose: Altuve revert to his old postseason form in Astros vs. White Sox series?,scandal,19,0,9,64,0,23,ARCHIVE,What the Will Jose will jose: altuve revert to his old postseason form in astros vs. white sox series? filings actually say — line by line — the other side of the fight,RESEARCH,3.5,unknown,60,news,0,v2
story-david-pastrnak,2026-09-29T22:43:22.042Z,2026-09-29T22:43:22.042Z,David Pastrnak,David Pastrnak: Rangers at Bruins preview: David Pastrnak set to make debut as captain in season opener,tech,19,0,0,64,0,18,ARCHIVE,The David Pastrnak david pastrnak: rangers at bruins preview: david pastrnak set to make debut as captain in season opener story is actually a money story — the other side of the fight,RESEARCH,7.5,unknown,300,news,0,v2
story-travis-kelce,2026-09-21T01:14:28.200Z,2026-09-29T22:43:22.042Z,Travis Kelce,Travis Kelce: Taylor Swift Ponzi,scandal,16,-6,7,64,63,19,ARCHIVE,The Travis Kelce travis kelce: the truth to why taylor swift left travis kelce out of vmas speech amid claims she’s ‘frustrated’ in their mar story is actually a money story — the detail nobody has explained,ARCHIVED,4.9,closed,-12665,news|trends,25,v2
story-kevin-zeitler,2026-09-29T21:29:43.892Z,2026-09-29T21:52:53.605Z,Kevin Zeitler,Kevin Zeitler: trending now,scandal,26,-5,0,64,8,21,ARCHIVE,What the Kevin Zeitler kevin zeitler: trending now filings actually say — line by line — the other side of the fight,RESEARCH,2.7,closed,-11,trends|news,3,v2
story-leo-carlsson,2026-09-29T21:29:43.892Z,2026-09-29T21:52:53.605Z,Leo Carlsson,"Leo Carlsson: NHL Rumors: Buffalo Sabres, New York Rangers, and the Leo Carlsson Pursuit",tech,25,-3,7,64,0,23,ARCHIVE,"The Leo Carlsson leo carlsson: nhl rumors: buffalo sabres, new york rangers, and the leo carlsson pursuit story is actually a money story — the detail nobody has explained",RESEARCH,7.5,unknown,277,news,0,v2
story-steve-stone,2026-09-29T20:19:44.305Z,2026-09-29T20:19:44.305Z,Steve Stone,Steve Stone: joins NBC broadcast team for White Sox-Astros Wild Card series,scandal,19,0,4,64,0,21,ARCHIVE,What the Steve Stone steve stone: joins nbc broadcast team for white sox-astros wild card series filings actually say — line by line — the other side of the fight,RESEARCH,3.5,unknown,60,news,0,v2
story-jason-kelce,2026-09-29T02:39:44.830Z,2026-09-29T20:08:58.876Z,Jason Kelce,Jason Kelce: trending now,scandal,24,-4,28,64,35,30,ARCHIVE,The Jason Kelce situation is weirder than the clips suggest — the other side of the fight,BOOSTED,5.4,closed,0,trends|news,14,v2
story-jacob-rodriguez,2026-09-29T19:04:43.006Z,2026-09-29T19:04:43.006Z,Jacob Rodriguez,Jacob Rodriguez: is Defensive Rookie of the Year favorite after big game vs. Chiefs,scandal,33,0,13,64,25,29,ARCHIVE,What the Jacob Rodriguez jacob rodriguez: is defensive rookie of the year favorite after big game vs. chiefs filings actually say — line by line — the other side of the fight,RESEARCH,3.1,closed,0,news,10,v2
story-james-hetfield,2026-09-29T19:04:43.006Z,2026-09-29T19:04:43.006Z,James Hetfield,James Hetfield: new hairstyle vegas,tech,25,0,0,64,25,16,ARCHIVE,The James Hetfield james hetfield: new hairstyle vegas story is actually a money story — the other side of the fight,RESEARCH,6.6,closed,0,trends|news,10,v2
story-eric-schmitt-s,2026-09-29T16:48:52.190Z,2026-09-29T19:04:43.006Z,Eric Schmitt's,Eric Schmitt's: Hawks or Hawkeyes? Eric Schmitt’s Jack Smith grilling runs into basketball mix-up,scandal,17,-1,4,64,0,20,ARCHIVE,The Eric Schmitt's filing that will matter in six months — what happens next,RESEARCH,16,unknown,674,news,0,v2
story-luis-arraez,2026-09-25T00:15:15.462Z,2026-09-29T19:04:43.006Z,Luis Arraez,Luis Arraez: trending now,tech,9,1,0,64,63,16,ARCHIVE,"What the Luis Arraez luis arraez: phillies news: alec bohm, luis arraez, paul skenes filings actually say — line by line — the other side of the fight",KEPT,3.6,closed,0,trends|news,25,v2
story-paul-skenes,2026-09-21T17:29:07.330Z,2026-09-29T19:04:43.006Z,Paul Skenes,Paul Skenes: Why Paul Skenes blames the World Baseball Classic for decreased velocity as Pirates ace wraps up down season,celebrity,8,1,0,64,45,16,ARCHIVE,"What the Paul Skenes paul skenes: phillies news: alec bohm, luis arraez, paul skenes filings actually say — line by line — the other side of the fight",ARCHIVED,2.3,closed,0,news|trends,18,v2
story-will-hegseth-s,2026-09-29T16:48:52.190Z,2026-09-29T16:48:52.190Z,Will Hegseth's,Will Hegseth's: What Will Hegseth’s “State of the Force” Reprise Reveal?,scandal,19,0,0,64,0,19,ARCHIVE,What the Will Hegseth's will hegseth's: what will hegseth’s “state of the force” reprise reveal? filings actually say — line by line — the other side of the fight,RESEARCH,3.5,unknown,60,news,0,v2
story-jason-and,2026-09-29T16:23:23.740Z,2026-09-29T16:23:23.740Z,Jason And,Jason And: New GTA 6 Artwork Shows Jason And Lucia In Bullet-Riddled Getaway Car,scandal,19,0,0,64,0,19,ARCHIVE,What the Jason And jason and: new gta 6 artwork shows jason and lucia in bullet-riddled getaway car filings actually say — line by line — the other side of the fight,RESEARCH,3.5,unknown,60,news,0,v2
story-kevin-durant,2026-09-23T21:42:25.197Z,2026-09-29T15:00:29.218Z,Kevin Durant,Kevin Durant: trending now,tech,10,-16,0,64,63,12,ARCHIVE,The Kevin Durant story is a proxy fight about something bigger — the other side of the fight,ARCHIVED,4.5,closed,-8118,trends|news,25,v2
story-bruce-willis,2026-09-29T14:41:07.428Z,2026-09-29T14:41:07.428Z,Bruce Willis,Bruce Willis: Smiles in Rare New Photo Amid His Dementia Battle,tech,31,0,4,64,43,23,ARCHIVE,The Bruce Willis bruce willis: smiles in rare new photo amid his dementia battle story is actually a money story — the other side of the fight,RESEARCH,6.6,closed,0,trends|news,17,v2
story-matt-rife,2026-09-29T13:13:04.801Z,2026-09-29T14:14:46.874Z,Matt Rife,Matt Rife: Steve Doocy catches up with viral comedian Matt Rife on tour,scandal,23,-3,4,64,50,19,ARCHIVE,What the Matt Rife matt rife: steve doocy catches up with viral comedian matt rife on tour filings actually say — line by line — the other side of the fight,RESEARCH,2.3,closed,-74,trends|news,20,v2
story-harry-potter-s,2026-09-29T14:14:46.874Z,2026-09-29T14:14:46.874Z,Harry Potter's,Harry Potter's: Harry Potter’s Fan-Favorite Movie Star Discusses ‘Fabulous’ Honor to Reprise Role in TV Show,celebrity,19,0,5,64,0,21,ARCHIVE,The Harry Potter's story is a proxy fight about something bigger — the other side of the fight,RESEARCH,6,unknown,210,news,0,v2
story-steve-doocy,2026-09-29T14:14:46.874Z,2026-09-29T14:14:46.874Z,Steve Doocy,Steve Doocy: catches up with viral comedian Matt Rife on tour,scandal,19,0,4,64,0,21,ARCHIVE,What the Steve Doocy steve doocy: catches up with viral comedian matt rife on tour filings actually say — line by line — the other side of the fight,RESEARCH,3.5,unknown,60,news,0,v2
story-zoe-salda,2026-09-27T14:13:12.200Z,2026-09-29T13:13:04.801Z,Zoe Salda,Zoe Salda: ña Says She’s Not Ready to Join Another Taylor Sheridan Show for This Reason (Exclusive),scandal,28,3,5,64,0,25,ARCHIVE,The Zoe Salda story is a proxy fight about something bigger — the other side of the fight,KEPT,6.6,closed,0,news,0,v2
story-mike-lee,2026-09-23T17:40:57.564Z,2026-09-29T12:28:33.104Z,Mike Lee,Mike Lee: trending now,institutional,9,-16,0,64,13,14,ARCHIVE,What the Mike Lee mike lee: blocks kennedy center bill filings actually say — line by line — the other side of the fight,ARCHIVED,3.1,closed,0,trends|news,5,v2
story-gordon-johncock,2026-09-29T10:52:16.375Z,2026-09-29T11:31:17.535Z,Gordon Johncock,Gordon Johncock: trending now,scandal,24,-4,0,64,13,20,ARCHIVE,What the Gordon Johncock gordon johncock: trending now filings actually say — line by line — the other side of the fight,RESEARCH,2.4,closed,-45,trends|news,5,v2
story-will-change,2026-09-29T10:52:16.375Z,2026-09-29T10:52:16.375Z,Will Change,Will Change: SNAP and Medicaid Will Change Dramatically in October: What to Know,creator,19,0,0,64,0,19,ARCHIVE,The Will Change situation is weirder than the clips suggest — the other side of the fight,RESEARCH,4.2,unknown,102,news,0,v2
story-hormuz-breaks-down,2026-09-29T09:14:05.089Z,2026-09-29T09:14:05.089Z,Hormuz Breaks Down,Hormuz Breaks Down: Middle East Oil Exports Rebound as Iran’s Chokehold on Hormuz Breaks Down,scandal,19,0,5,34,0,24,ARCHIVE,What the Hormuz Breaks Down hormuz breaks down: middle east oil exports rebound as iran’s chokehold on hormuz breaks down filings actually say — line by line — the other side of the fight,RESEARCH,3.5,unknown,60,news,0,v2
story-world-makes-every,2026-09-29T07:44:34.476Z,2026-09-29T09:14:05.089Z,World Makes Every,World Makes Every: How Minecraft Dungeons II’s Interconnected World Makes Every Journey an Adventure,scandal,17,-1,0,64,0,19,ARCHIVE,What the World Makes Every world makes every: how minecraft dungeons ii’s interconnected world makes every journey an adventure filings actually say — line by line — the other side of the fight,RESEARCH,3.5,closed,0,news,0,v2
story-jimmy-kimmel-s,2026-09-29T07:03:25.352Z,2026-09-29T09:14:05.089Z,Jimmy Kimmel's,Jimmy Kimmel's: Mayor Zohran Mamdani Refuses Jimmy Kimmel’s Request to Text Trump a Selfie of Them,scandal,16,-1,0,34,0,22,ARCHIVE,What the Jimmy Kimmel's jimmy kimmel's: mayor zohran mamdani refuses jimmy kimmel’s request to text trump a selfie of them filings actually say — line by line — the other side of the fight,RESEARCH,3.5,closed,0,news,0,v2
story-michael-showalter,2026-09-29T07:44:34.476Z,2026-09-29T07:44:34.476Z,Michael Showalter,"Michael Showalter: Colleen Hoover and Michael Showalter on How Anne Hathaway and Dakota Johnson Made ‘Verity’ More Erotic, ‘It En",creator,19,0,0,34,0,22,ARCHIVE,The Michael Showalter situation is weirder than the clips suggest — the other side of the fight,RESEARCH,4.2,unknown,102,news,0,v2
story-kristen-bell,2026-09-21T01:14:28.200Z,2026-09-29T06:40:27.486Z,Kristen Bell,Kristen Bell: trending now,scandal,17,-2,0,64,13,17,ARCHIVE,What the Kristen Bell kristen bell: trending now filings actually say — line by line — the other side of the fight,KEPT,4.5,closed,0,trends|news,5,v2
story-matthew-stafford,2026-09-29T04:26:14.712Z,2026-09-29T04:26:14.712Z,Matthew Stafford,Matthew Stafford: makes cameo in Taylor Swift's 'Patient Zero' music video,tech,28,0,4,64,28,18,ARCHIVE,The Matthew Stafford matthew stafford: makes cameo in taylor swift's 'patient zero' music video story is actually a money story — the other side of the fight,RESEARCH,6.6,closed,0,news,11,v2
story-kyle-monangai,2026-09-28T22:29:45.705Z,2026-09-29T04:26:14.712Z,Kyle Monangai,Kyle Monangai: trending now,tech,12,-7,0,64,3,16,ARCHIVE,"The Kyle Monangai kyle monangai: bears report: k cairo santos sits out, rb kyle monangai full participant story is actually a money story — the other side of the fight",RESEARCH,5.6,closed,0,trends|news,1,v2
story-ben-affleck,2026-09-24T01:35:47.604Z,2026-09-29T02:39:44.830Z,Ben Affleck,Ben Affleck: Reveals Sudden Casting Change Behind His New Netflix Crime Thriller,celebrity,7,0,0,64,40,12,ARCHIVE,What the Ben Affleck ben affleck: trending now filings actually say — line by line — the other side of the fight,ARCHIVED,3.1,closed,0,trends|news,16,v2
story-jason-kelce-s,2026-09-29T02:12:10.149Z,2026-09-29T02:39:44.830Z,Jason Kelce's,Jason Kelce's: Travis Kelce and Jason Kelce’s $200 million brand announces unusual wedding opportunity as the TE remains,tech,21,-2,14,64,20,21,ARCHIVE,The Jason Kelce's jason kelce's: travis kelce and jason kelce’s $200 million brand announces unusual wedding opportunity as the te remains story is actually a money story — the number behind the headline,RESEARCH,4.9,closed,0,news,8,v2
story-peter-krause,2026-09-21T16:23:26.912Z,2026-09-29T02:39:44.830Z,Peter Krause,Peter Krause: trending now,scandal,14,1,7,34,8,23,ARCHIVE,What the Peter Krause peter krause: enters the ‘line of fire’ and opens up about his shocking ‘9-1-1’ exit filings actually say — line by line — the part that was not supposed to be public,KEPT,2.6,closed,0,trends|news,3,v2
story-peter-krause-s,2026-09-21T16:42:47.233Z,2026-09-29T02:39:44.830Z,Peter Krause's,Peter Krause's: Peter Krause’s ‘Line of Fire’ Is a Promising and Engaging NBC Procedural Drama: TV Review,creator,18,-1,0,34,0,22,ARCHIVE,The Peter Krause's situation is weirder than the clips suggest — the other side of the fight,RESEARCH,4.2,closed,0,news,0,v2
story-hayden-panettiere-s,2026-09-29T02:39:44.830Z,2026-09-29T02:39:44.830Z,Hayden Panettiere's,Hayden Panettiere's: ex-fiance files petition over daughter's estate,scandal,33,0,5,64,63,21,ARCHIVE,What the Hayden Panettiere's hayden panettiere's: ex-fiance files petition over daughter's estate filings actually say — line by line — the other side of the fight,RESEARCH,3.1,closed,0,news,25,v2
story-matt-damon,2026-09-29T02:39:44.830Z,2026-09-29T02:39:44.830Z,Matt Damon,"Matt Damon: Casey Affleck on Matt Damon Rivalry, a Chris Nolan Phone Call and Being a Proud “Hollywood Outsider”",scandal,28,0,9,34,60,24,ARCHIVE,"What the Matt Damon matt damon: casey affleck on matt damon rivalry, a chris nolan phone call and being a proud “hollywood outsider” filings actually say — line by line — the other side of the fight",RESEARCH,3.1,closed,0,news,24,v2
story-luis-fernando,2026-09-29T00:16:14.207Z,2026-09-29T02:12:10.149Z,Luis Fernando,"Luis Fernando: Tena: ""El Salvador tiene delanteros muy buenos y eso los hace peligrosos""",scandal,17,-1,0,64,0,19,ARCHIVE,What the Luis Fernando luis fernando: los números de luis fernando tena ante el salvador: uno de los rivales favoritos filings actually say — line by line — the other side of the fight,RESEARCH,3.5,closed,0,news,0,v2
story-ben-johnson,2026-09-29T01:27:20.033Z,2026-09-29T01:27:20.033Z,Ben Johnson,Ben Johnson: and Nick Sirianni face off in Monday's unapologetic bowl | Mike Sielski,scandal,19,0,0,64,0,19,ARCHIVE,What the Ben Johnson ben johnson: and nick sirianni face off in monday's unapologetic bowl | mike sielski filings actually say — line by line — the other side of the fight,RESEARCH,3.5,unknown,60,news,0,v2
story-jonathan-greenard,2026-09-29T01:27:20.033Z,2026-09-29T01:27:20.033Z,Jonathan Greenard,Jonathan Greenard: (pectoral) to make Eagles debut on Monday,scandal,28,0,0,64,8,21,ARCHIVE,What the Jonathan Greenard jonathan greenard: (pectoral) to make eagles debut on monday filings actually say — line by line — the other side of the fight,RESEARCH,3.1,closed,0,news,3,v2
story-nick-sirianni,2026-09-28T22:36:35.891Z,2026-09-29T01:27:20.033Z,Nick Sirianni,Nick Sirianni: explains why Makai Lemon’s role could grow with Eagles,tech,18,-1,9,64,20,21,ARCHIVE,The Nick Sirianni situation is weirder than the clips suggest — the other side of the fight,KEPT,4.7,closed,0,news|trends,8,v2
story-brian-dawkins,2026-09-28T18:30:26.349Z,2026-09-29T01:09:51.602Z,Brian Dawkins,Brian Dawkins: NFL asks DHS to take down video featuring highlights of former Eagles star Brian Dawkins - The Athletic,celebrity,17,-8,4,64,13,19,ARCHIVE,The Brian Dawkins story is a proxy fight about something bigger — the other side of the fight,RESEARCH,7.2,closed,0,trends|news,5,v2
story-jacob-elordi,2026-09-29T00:55:54.191Z,2026-09-29T00:55:54.191Z,Jacob Elordi,Jacob Elordi: trending now,scandal,36,0,0,64,63,24,ARCHIVE,What the Jacob Elordi jacob elordi: trending now filings actually say — line by line — the other side of the fight,RESEARCH,3.1,closed,0,trends|news,25,v2
story-ryan-seacrest,2026-09-29T00:16:14.207Z,2026-09-29T00:28:02.574Z,Ryan Seacrest,Ryan Seacrest: Fans React to Shocking Way He Eats His Pizza,scandal,26,-5,7,64,15,22,ARCHIVE,What the Ryan Seacrest ryan seacrest: fans react to shocking way he eats his pizza filings actually say — line by line — the part that was not supposed to be public,RESEARCH,2.6,closed,-6,trends|news,6,v2
story-joe-buck,2026-09-29T00:16:14.207Z,2026-09-29T00:28:02.574Z,Joe Buck,Joe Buck: trending now,tech,28,3,0,64,13,19,ARCHIVE,The Joe Buck joe buck: trending now story is actually a money story — the other side of the fight,KEPT,5.6,closed,0,trends|news,5,v2
story-zach-ertz,2026-09-29T00:16:14.207Z,2026-09-29T00:28:02.574Z,Zach Ertz,Zach Ertz: trending now,scandal,23,11,0,64,45,16,ARCHIVE,What the Zach Ertz zach ertz: trending now filings actually say — line by line — the other side of the fight,BOOSTED,3.1,closed,0,trends|news,18,v2
story-will-vote,2026-09-29T00:28:02.574Z,2026-09-29T00:28:02.574Z,Will Vote,Will Vote: The Voice Season 30 Just Unveiled Major Changes to How Fans Will Vote (DETAILS),tech,19,0,4,64,0,19,ARCHIVE,The Will Vote will vote: the voice season 30 just unveiled major changes to how fans will vote (details) story is actually a money story — the other side of the fight,RESEARCH,7.5,unknown,300,news,0,v2
story-john-waldron,2026-09-28T23:52:29.046Z,2026-09-29T00:16:14.207Z,John Waldron,"John Waldron: Goldman's board has discussed plan to name John Waldron as next CEO, WSJ reports",institutional,21,-4,5,26,3,25,ARCHIVE,The John Waldron filing that will matter in six months — the other side of the fight,RESEARCH,14,closed,0,trends|news,1,v2
story-matt-fitzpatrick,2026-09-28T23:28:21.458Z,2026-09-28T23:52:29.046Z,Matt Fitzpatrick,Matt Fitzpatrick: trending now,scandal,23,-3,0,64,5,21,ARCHIVE,What the Matt Fitzpatrick matt fitzpatrick: trending now filings actually say — line by line — the other side of the fight,RESEARCH,2.6,closed,0,trends|news,2,v2
story-ben-simmons,2026-09-28T23:28:21.458Z,2026-09-28T23:28:21.458Z,Ben Simmons,Ben Simmons: Sacramento Kings guard Ben Simmons addresses critics in expletive clip,tech,36,0,4,34,55,28,ARCHIVE,The Ben Simmons ben simmons: sacramento kings guard ben simmons addresses critics in expletive clip story is actually a money story — the other side of the fight,RESEARCH,6.6,closed,0,trends|news,22,v2
story-malik-willis,2026-09-27T18:01:59.022Z,2026-09-28T22:57:07.707Z,Malik Willis,Malik Willis: trending now,tech,15,0,0,64,28,15,ARCHIVE,What the Malik Willis malik willis: luther burden or malik willis filings actually say — line by line — the other side of the fight,KEPT,3.1,closed,0,trends|news,11,v2
story-guilfoyle-hit-with,2026-09-28T22:36:35.891Z,2026-09-28T22:36:35.891Z,Guilfoyle Hit With,Guilfoyle Hit With: Donald Trump’s Ambassador Kimberly Guilfoyle Hit With Explosive Greece Claim — Report,tech,19,0,0,64,0,18,ARCHIVE,The Guilfoyle Hit With guilfoyle hit with: donald trump’s ambassador kimberly guilfoyle hit with explosive greece claim — report story is actually a money story — the other side of the fight,RESEARCH,7.5,unknown,300,news,0,v2
story-josh-allen,2026-09-28T21:28:43.780Z,2026-09-28T22:13:37.419Z,Josh Allen,Josh Allen: injury,scandal,28,-8,0,64,63,18,ARCHIVE,What the Josh Allen josh allen: injury filings actually say — line by line — the other side of the fight,RESEARCH,2.6,closed,-39,trends|news,25,v2
story-rob-dillingham,2026-09-28T21:20:03.868Z,2026-09-28T22:13:37.419Z,Rob Dillingham,Rob Dillingham: trending now,scandal,27,1,0,64,35,18,ARCHIVE,The Rob Dillingham rob dillingham: trending now story is actually a money story — the other side of the fight,KEPT,4.9,closed,0,trends|news,14,v2
story-stephen-miller-s,2026-09-28T21:02:04.340Z,2026-09-28T21:28:43.780Z,Stephen Miller's,Stephen Miller's: FBI Ousts Officials Probing Threats to Stephen Miller’s Wife (2),tech,23,-2,0,64,25,16,ARCHIVE,The Stephen Miller's stephen miller's: fbi ousts officials probing threats to stephen miller’s wife (2) story is actually a money story — the other side of the fight,RESEARCH,4.9,closed,0,news,10,v2
story-warren-county,2026-09-28T19:46:55.550Z,2026-09-28T21:28:43.780Z,Warren County,Warren County: trending now,scandal,18,-1,0,64,45,19,ARCHIVE,What the Warren County warren county: ohio filings actually say — line by line — the other side of the fight,KEPT,2.3,closed,-114,trends|news,18,v2
story-michael-kayode,2026-09-28T20:38:16.157Z,2026-09-28T21:28:43.780Z,Michael Kayode,Michael Kayode: trending now,scandal,16,-1,0,64,50,15,ARCHIVE,What the Michael Kayode michael kayode: trending now filings actually say — line by line — the other side of the fight,ARCHIVED,2.3,closed,-62,trends|news,20,v2
story-weapon-revealed-alongside,2026-09-28T20:13:04.583Z,2026-09-28T21:02:04.340Z,Weapon Revealed Alongside,Weapon Revealed Alongside: New God Of War Laufey Weapon Revealed Alongside Pre-Order Details,tech,16,-1,9,64,0,21,ARCHIVE,The Weapon Revealed Alongside weapon revealed alongside: new god of war laufey weapon revealed alongside pre-order details story is actually a money story — the other side of the fight,RESEARCH,7.5,unknown,251,news,0,v2
story-roker-shares-surprising,2026-09-28T19:58:32.580Z,2026-09-28T20:21:32.479Z,Roker Shares Surprising,Roker Shares Surprising: Al Roker Shares Surprising Reason He Left the ‘Today’ Show Mid-Broadcast,scandal,17,-1,4,64,0,20,ARCHIVE,What the Roker Shares Surprising roker shares surprising: al roker shares surprising reason he left the ‘today’ show mid-broadcast filings actually say — line by line — the other side of the fight,RESEARCH,3.5,unknown,37,news,0,v2
story-rumors-reveal-maple,2026-09-28T19:58:32.580Z,2026-09-28T20:13:04.583Z,Rumors Reveal Maple,Rumors Reveal Maple: New NHL Trade Rumors Reveal Maple Leafs' Pursuit of Kirill Marchenko amid Blue Jackets Contract Buzz,celebrity,18,-1,13,64,0,24,ARCHIVE,The Rumors Reveal Maple story is a proxy fight about something bigger — the number behind the headline,RESEARCH,6,unknown,195,news,0,v2
story-brandon-ingram,2026-09-28T18:55:52.740Z,2026-09-28T18:55:52.740Z,Brandon Ingram,"Brandon Ingram: All-Star Brandon Ingram has partially torn Achilles, will miss start of Clippers' season",celebrity,31,0,5,64,8,28,ARCHIVE,The Brandon Ingram story is a proxy fight about something bigger — the other side of the fight,RESEARCH,5.3,closed,0,trends|news,3,v2
story-will-return,2026-09-28T18:00:18.828Z,2026-09-28T18:12:47.468Z,Will Return,Will Return: John Mayer Will Return to the Sphere in 2027,scandal,18,-1,0,64,0,19,ARCHIVE,What the Will Return will return: john mayer will return to the sphere in 2027 filings actually say — line by line — the other side of the fight,RESEARCH,3.5,unknown,48,news,0,v2
story-john-mayer,2026-09-28T17:45:11.439Z,2026-09-28T18:12:47.468Z,John Mayer,John Mayer: sphere,scandal,24,-4,0,64,63,18,ARCHIVE,What the John Mayer john mayer: sphere filings actually say — line by line — the other side of the fight,RESEARCH,2.3,closed,-40,trends|news,25,v2
story-alan-ritchson-s,2026-09-28T16:57:11.306Z,2026-09-28T16:57:11.306Z,Alan Ritchson's,Alan Ritchson's: Alan Ritchson’s ‘Motor City’ Just Hit a Major Streaming Milestone a Month After Its VOD Debut,creator,28,0,0,64,45,18,ARCHIVE,The Alan Ritchson's situation is weirder than the clips suggest — the other side of the fight,RESEARCH,3.7,closed,0,news,18,v2
story-billy-bush,2026-09-28T13:23:15.526Z,2026-09-28T14:19:02.483Z,Billy Bush,Billy Bush: trending now,scandal,28,-8,0,34,0,26,ARCHIVE,What the Billy Bush billy bush: trending now filings actually say — line by line — the other side of the fight,RESEARCH,3.5,unknown,4,trends|news,0,v2
story-mark-duplass,2026-09-28T14:19:02.483Z,2026-09-28T14:19:02.483Z,Mark Duplass,Mark Duplass: trending now,scandal,31,0,0,64,0,28,ARCHIVE,What the Mark Duplass mark duplass: trending now filings actually say — line by line — the other side of the fight,RESEARCH,3.5,unknown,60,trends|news,0,v2
story-david-zervos,2026-09-28T13:23:15.526Z,2026-09-28T13:23:15.526Z,David Zervos,David Zervos: trending now,scandal,31,0,0,34,3,30,ARCHIVE,What the David Zervos david zervos: trending now filings actually say — line by line — the other side of the fight,RESEARCH,3.1,closed,0,trends|news,1,v2
story-adam-brody,2026-09-28T13:23:15.526Z,2026-09-28T13:23:15.526Z,Adam Brody,"Adam Brody: Nobody Wants This star Adam Brody is for a free Palestine, now that you ask",celebrity,36,0,5,34,0,34,ARCHIVE,The Adam Brody story is a proxy fight about something bigger — the other side of the fight,RESEARCH,6,unknown,210,trends|news,0,v2
story-austin-ekeler,2026-09-28T11:10:49.930Z,2026-09-28T11:55:52.817Z,Austin Ekeler,Austin Ekeler: trending now,celebrity,24,-4,0,64,10,21,ARCHIVE,The Austin Ekeler story is a proxy fight about something bigger — the other side of the fight,RESEARCH,4.5,closed,0,trends|news,4,v2
story-aaron-pierre,2026-09-28T08:03:46.315Z,2026-09-28T10:17:53.490Z,Aaron Pierre,"Aaron Pierre: Michael B. Jordan, Mahershala Ali, Aaron Pierre, & More Black Stars Are Brooklyn-Bound For CultureCon 2026",celebrity,15,-1,0,34,40,17,ARCHIVE,What the Aaron Pierre aaron pierre: 'lanterns': aaron pierre & kyle chandler talk penultimate episode filings actually say — line by line — the other side of the fight,ARCHIVED,3.1,closed,-98,news,16,v2
story-kyle-chandler,2026-09-28T10:07:00.822Z,2026-09-28T10:17:53.490Z,Kyle Chandler,Kyle Chandler: Lanterns’ Kyle Chandler & Aaron Pierre on the E07 Moment That Changed Everything,scandal,18,-1,0,34,0,22,ARCHIVE,What the Kyle Chandler kyle chandler: 'lanterns': aaron pierre & kyle chandler talk penultimate episode filings actually say — line by line — the other side of the fight,RESEARCH,3.5,unknown,49,news,0,v2
story-jordan-dating,2026-09-28T08:54:06.089Z,2026-09-28T09:05:13.263Z,Jordan Dating,Jordan Dating: Raye Spills on Michael B. Jordan Dating Rumors at 2026 MTV VMAs! (Exclusive),scandal,18,-1,7,64,0,22,ARCHIVE,What the Jordan Dating jordan dating: raye spills on michael b. jordan dating rumors at 2026 mtv vmas! (exclusive) filings actually say — line by line — the detail nobody has explained,RESEARCH,3.5,unknown,49,news,0,v2
story-john-hawkes,2026-09-28T08:54:06.089Z,2026-09-28T09:05:13.263Z,John Hawkes,John Hawkes: ‘Jack & Christine’ Trailer: John Hawkes Turns A Dinner Party Into A Night of Chaos – Film News in Brief,tech,18,-1,0,34,0,21,ARCHIVE,The John Hawkes john hawkes: ‘jack & christine’ trailer: john hawkes turns a dinner party into a night of chaos – film news in brief story is actually a money story — the other side of the fight,RESEARCH,7.5,unknown,289,news,0,v2
story-luke-bryan,2026-09-28T07:05:55.042Z,2026-09-28T08:03:46.315Z,Luke Bryan,Luke Bryan: trending now,scandal,11,-1,0,64,0,17,ARCHIVE,What the Luke Bryan luke bryan: trending now filings actually say — line by line — the other side of the fight,RESEARCH,3.5,unknown,2,trends,0,v2
story-sam-darnold,2026-09-26T14:13:19.036Z,2026-09-28T06:26:42.092Z,Sam Darnold,Sam Darnold: seahawks sam darnold,scandal,15,-1,0,64,20,15,ARCHIVE,The Sam Darnold story is a proxy fight about something bigger — the other side of the fight,RESEARCH,5.3,closed,0,trends|news,8,v2
story-josh-wallace,2026-09-28T03:51:49.890Z,2026-09-28T03:51:49.890Z,Josh Wallace,Josh Wallace: trending now,scandal,31,0,0,64,0,28,ARCHIVE,What the Josh Wallace josh wallace: trending now filings actually say — line by line — the other side of the fight,RESEARCH,3.5,unknown,60,trends|news,0,v2
story-chris-shula,2026-09-28T01:51:02.670Z,2026-09-28T01:51:02.670Z,Chris Shula,Chris Shula: trending now,scandal,12,0,0,64,0,17,ARCHIVE,What the Chris Shula chris shula: trending now filings actually say — line by line — the other side of the fight,RESEARCH,3.5,unknown,60,trends,0,v2
story-aaron-donald-s,2026-09-28T01:51:02.670Z,2026-09-28T01:51:02.670Z,Aaron Donald's,Aaron Donald's: return fires up Rams in rout of Giants,scandal,28,0,9,64,20,22,ARCHIVE,What the Aaron Donald's aaron donald's: return fires up rams in rout of giants filings actually say — line by line — the other side of the fight,RESEARCH,3.1,closed,0,news,8,v2
story-artist-director,2026-09-28T01:51:02.670Z,2026-09-28T01:51:02.670Z,Artist Director,Artist Director: Taylor Swift Receives First-Ever Artist Director Honors at 2026 MTV VMAs,scandal,19,0,0,64,0,19,ARCHIVE,What the Artist Director artist director: taylor swift receives first-ever artist director honors at 2026 mtv vmas filings actually say — line by line — the other side of the fight,RESEARCH,3.5,unknown,60,news,0,v2
story-director-honors,2026-09-28T01:51:02.670Z,2026-09-28T01:51:02.670Z,Director Honors,Director Honors: Taylor Swift Receives First-Ever Artist Director Honors at 2026 MTV VMAs,scandal,19,0,0,64,0,19,ARCHIVE,What the Director Honors director honors: taylor swift receives first-ever artist director honors at 2026 mtv vmas filings actually say — line by line — the other side of the fight,RESEARCH,3.5,unknown,60,news,0,v2
story-john-fetterman,2026-09-28T01:51:02.670Z,2026-09-28T01:51:02.670Z,John Fetterman,John Fetterman: trending now,institutional,31,0,0,64,53,23,ARCHIVE,The John Fetterman filing that will matter in six months — the other side of the fight,RESEARCH,14,closed,0,trends|news,21,v2
story-sean-payton,2026-09-28T01:24:56.070Z,2026-09-28T01:24:56.070Z,Sean Payton,Sean Payton: Renck: It’s Broncos’ Sean Payton vs. Rams’ Sean McVay with Walton family bragging rights on line,scandal,25,0,9,64,18,22,ARCHIVE,What the Sean Payton sean payton: renck: it’s broncos’ sean payton vs. rams’ sean mcvay with walton family bragging rights on line filings actually say — line by line — the other side of the fight,RESEARCH,3.1,closed,0,trends|news,7,v2
story-will-ospreay,2026-09-27T08:41:28.604Z,2026-09-28T01:24:56.070Z,Will Ospreay,"Will Ospreay: AEW All Out 2026 results, grades, awards: Will Ospreay earns Jon Moxley's respect; Young Bucks make history in",celebrity,18,-1,0,64,0,19,ARCHIVE,"What the Will Ospreay will ospreay: puts jon moxley, the death riders in the rearview with successful title defense at aew all out filings actually say — line by line — the other side of the fight",RESEARCH,3.5,closed,0,news,0,v2
story-david-corenswet,2026-09-28T01:03:13.235Z,2026-09-28T01:03:13.235Z,David Corenswet,David Corenswet: ‘Mr. Irrelevant’ Co-Stars David Corenswet & Isabel May Kick Off Press Tour Early with MTV VMAs 2026 Appearance,tech,31,0,5,64,28,24,ARCHIVE,The David Corenswet david corenswet: ‘mr. irrelevant’ co-stars david corenswet & isabel may kick off press tour early with mtv vmas 2026 appearance story is actually a money story — the other side of the fight,RESEARCH,6.6,closed,0,trends|news,11,v2
story-jonah-coleman,2026-09-20T23:12:20.352Z,2026-09-28T00:17:25.200Z,Jonah Coleman,Jonah Coleman: trending now,tech,12,1,0,64,15,16,ARCHIVE,What the Jonah Coleman jonah coleman: broncos bite the jonah coleman bullet—what it really means filings actually say — line by line — the other side of the fight,ARCHIVED,4.5,closed,0,trends|news,6,v2
story-cody-white,2026-09-27T23:44:17.461Z,2026-09-27T23:53:26.845Z,Cody White,Cody White: trending now,tech,26,-5,0,64,15,18,ARCHIVE,The Cody White cody white: trending now story is actually a money story — the other side of the fight,RESEARCH,5.6,closed,0,trends|news,6,v2
story-jesse-minter,2026-09-27T23:53:26.845Z,2026-09-27T23:53:26.845Z,Jesse Minter,Jesse Minter: Ravens HC Jesse Minter Says Team is Still Searching for Defensive Identity,scandal,28,0,0,64,3,22,ARCHIVE,What the Jesse Minter jesse minter: ravens hc jesse minter says team is still searching for defensive identity filings actually say — line by line — the other side of the fight,RESEARCH,3.1,closed,0,news,1,v2
story-chris-moore,2026-09-27T22:52:53.086Z,2026-09-27T23:11:09.869Z,Chris Moore,Chris Moore: trending now,scandal,28,-8,0,64,28,20,ARCHIVE,What the Chris Moore chris moore: trending now filings actually say — line by line — the other side of the fight,RESEARCH,2.6,closed,-12,trends|news,11,v2
story-mike-krukow,2026-09-27T23:11:09.869Z,2026-09-27T23:11:09.869Z,Mike Krukow,Mike Krukow: trending now,scandal,36,0,0,64,20,22,ARCHIVE,What the Mike Krukow mike krukow: trending now filings actually say — line by line — the other side of the fight,RESEARCH,3.1,closed,0,trends|news,8,v2
story-mike-washington,2026-09-27T23:11:09.869Z,2026-09-27T23:11:09.869Z,Mike Washington,Mike Washington: trending now,celebrity,31,0,0,64,18,25,ARCHIVE,The Mike Washington story is a proxy fight about something bigger — the other side of the fight,RESEARCH,5.3,closed,0,trends|news,7,v2
story-michelle-randolph,2026-09-27T23:11:09.869Z,2026-09-27T23:11:09.869Z,Michelle Randolph,Michelle Randolph: ‘Chad Powers’ Star Glen Powell and Michelle Randolph Step Out for Rare Public Date Night at Texas-Tennessee Sh,tech,36,0,5,64,3,29,ARCHIVE,The Michelle Randolph michelle randolph: ‘chad powers’ star glen powell and michelle randolph step out for rare public date night at texas-tennessee sh story is actually a money story — the other side of the fight,RESEARCH,6.6,closed,0,trends|news,1,v2
story-bobby-hauck,2026-09-27T22:52:53.086Z,2026-09-27T22:52:53.086Z,Bobby Hauck,Bobby Hauck: trending now,scandal,36,0,0,64,10,28,ARCHIVE,What the Bobby Hauck bobby hauck: trending now filings actually say — line by line — the other side of the fight,RESEARCH,3.1,closed,0,trends|news,4,v2
story-chris-gotterup,2026-09-27T21:41:21.544Z,2026-09-27T21:41:21.544Z,Chris Gotterup,Chris Gotterup: trending now,scandal,25,0,0,64,0,21,ARCHIVE,What the Chris Gotterup chris gotterup: trending now filings actually say — line by line — the other side of the fight,RESEARCH,3.5,unknown,60,trends|news,0,v2
story-michael-mayer,2026-09-27T21:41:21.544Z,2026-09-27T21:41:21.544Z,Michael Mayer,Michael Mayer: Week 3 Preview vs. the Saints,tech,36,0,9,64,3,31,ARCHIVE,The Michael Mayer michael mayer: week 3 preview vs. the saints story is actually a money story — the other side of the fight,RESEARCH,6.6,closed,0,trends|news,1,v2
story-jordan-addison,2026-09-27T21:41:21.544Z,2026-09-27T21:41:21.544Z,Jordan Addison,Jordan Addison: trending now,scandal,31,0,0,64,20,24,ARCHIVE,What the Jordan Addison jordan addison: trending now filings actually say — line by line — the other side of the fight,RESEARCH,3.1,closed,0,trends|news,8,v2
story-tyler-shough,2026-09-26T15:20:22.722Z,2026-09-27T21:41:21.544Z,Tyler Shough,Tyler Shough: Watch Jeff Brohm breaks down transfer quarterbacks Tyler Shough and Lincoln Kienholz - Wake Up Barstool,scandal,17,-1,0,64,0,19,ARCHIVE,What the Tyler Shough tyler shough: roquan smith fined for facemask on tyler shough on game-winning qb sneak filings actually say — line by line — the other side of the fight,RESEARCH,3.5,closed,0,news,0,v2
story-mark-andrews,2026-09-27T21:32:06.519Z,2026-09-27T21:32:06.519Z,Mark Andrews,Mark Andrews: trending now,celebrity,36,0,0,64,0,29,ARCHIVE,The Mark Andrews story is a proxy fight about something bigger — the other side of the fight,RESEARCH,6,unknown,210,trends|news,0,v2
story-nick-bosa,2026-09-25T15:44:45.474Z,2026-09-27T20:17:15.430Z,Nick Bosa,Nick Bosa: injury,celebrity,5,-19,9,64,63,14,ARCHIVE,The Nick Bosa nick bosa: romello height and nick bosa out; mike evans available vs. cardinals; inactives for week 3 #azvssf story is actually a money story — the other side of the fight,ARCHIVED,4.9,closed,-3008,trends|news,25,v2
story-josh-cameron,2026-09-27T19:24:42.695Z,2026-09-27T19:24:42.695Z,Josh Cameron,Josh Cameron: WATCH: Trevor Lawrence connects with Josh Cameron for TD vs Patriots,scandal,33,0,9,64,18,29,ARCHIVE,What the Josh Cameron josh cameron: watch: trevor lawrence connects with josh cameron for td vs patriots filings actually say — line by line — the other side of the fight,RESEARCH,3.1,closed,0,news,7,v2
story-trevor-lawrence,2026-09-27T19:24:42.695Z,2026-09-27T19:24:42.695Z,Trevor Lawrence,Trevor Lawrence: WATCH: Trevor Lawrence connects with Josh Cameron for TD vs Patriots,scandal,31,0,9,64,63,26,ARCHIVE,What the Trevor Lawrence trevor lawrence: watch: trevor lawrence connects with josh cameron for td vs patriots filings actually say — line by line — the other side of the fight,RESEARCH,3.1,closed,0,trends|news,25,v2
story-marcus-mariota,2026-09-20T23:12:20.352Z,2026-09-27T19:24:42.695Z,Marcus Mariota,Marcus Mariota: trending now,tech,11,-17,0,64,20,14,ARCHIVE,The Marcus Mariota story is a proxy fight about something bigger — the other side of the fight,ARCHIVED,6.6,closed,0,trends|news,8,v2
story-max-scherzer,2026-09-26T19:39:43.318Z,2026-09-27T19:10:22.581Z,Max Scherzer,Max Scherzer: trending now,tech,14,-17,9,64,10,20,ARCHIVE,What the Max Scherzer max scherzer: cincinnati reds vs. toronto blue jays – brandon williamson vs. max scherzer filings actually say — line by line — the other side of the fight,ARCHIVED,3.1,closed,0,trends|news,4,v2
story-justin-cooper,2026-09-27T19:10:22.581Z,2026-09-27T19:10:22.581Z,Justin Cooper,"Justin Cooper: ‘Liar, Liar’ child star Justin Cooper recalls disturbing fan mail from prisoners at age 8",tech,19,0,5,64,0,20,ARCHIVE,"The Justin Cooper justin cooper: ‘liar, liar’ child star justin cooper recalls disturbing fan mail from prisoners at age 8 story is actually a money story — the other side of the fight",RESEARCH,7.5,unknown,300,news,0,v2
story-leo-chenal,2026-09-27T18:52:02.788Z,2026-09-27T18:52:02.788Z,Leo Chenal,Leo Chenal: injury update: Latest news on Commanders LB's status in Week 3 game,tech,36,0,4,64,10,23,ARCHIVE,The Leo Chenal leo chenal: injury update: latest news on commanders lb's status in week 3 game story is actually a money story — the other side of the fight,RESEARCH,6.6,closed,0,trends|news,4,v2
story-travis-hunter,2026-09-27T18:33:13.985Z,2026-09-27T18:52:02.788Z,Travis Hunter,Travis Hunter: Why are the Jaguars using CB/WR Travis Hunter sparingly?,scandal,26,-5,7,64,63,20,ARCHIVE,What the Travis Hunter travis hunter: why are the jaguars using cb/wr travis hunter sparingly? filings actually say — line by line — the detail nobody has explained,RESEARCH,2.6,closed,-13,trends|news,25,v2
story-dexter-lawrence,2026-09-27T18:33:13.985Z,2026-09-27T18:33:13.985Z,Dexter Lawrence,Dexter Lawrence: trending now,scandal,31,0,0,64,5,27,ARCHIVE,What the Dexter Lawrence dexter lawrence: trending now filings actually say — line by line — the other side of the fight,RESEARCH,3.1,closed,0,trends|news,2,v2
story-rob-gronkowski,2026-09-24T16:06:29.213Z,2026-09-27T18:01:59.022Z,Rob Gronkowski,Rob Gronkowski: trending now,scandal,17,-1,0,64,0,19,ARCHIVE,The Rob Gronkowski story is a proxy fight about something bigger — the other side of the fight,BOOSTED,6,closed,0,trends|news,0,v2
story-justin-gaethje,2026-09-27T17:08:09.828Z,2026-09-27T17:08:09.828Z,Justin Gaethje,Justin Gaethje: ilia topuria ufc,celebrity,36,0,0,64,63,24,ARCHIVE,The Justin Gaethje story is a proxy fight about something bigger — the other side of the fight,RESEARCH,5.3,closed,0,trends|news,25,v2
story-gates-says-trump,2026-09-27T15:32:33.163Z,2026-09-27T15:32:33.163Z,Gates Says Trump,Gates Says Trump: Bill Gates Says Trump Is Wrong to Hold Out Against AI Safeguards,tech,19,0,4,26,0,23,ARCHIVE,The Gates Says Trump gates says trump: bill gates says trump is wrong to hold out against ai safeguards story is actually a money story — the other side of the fight,RESEARCH,7.5,unknown,300,news,0,v2
story-patrick-herbert,2026-09-27T15:12:52.854Z,2026-09-27T15:32:33.163Z,Patrick Herbert,Patrick Herbert: trending now,scandal,28,3,0,64,3,23,ARCHIVE,What the Patrick Herbert patrick herbert: trending now filings actually say — line by line — the other side of the fight,KEPT,3.1,unknown,16,trends|news,1,v2
story-justin-herbert-s,2026-09-27T15:12:52.854Z,2026-09-27T15:32:33.163Z,Justin Herbert's,Justin Herbert's: Younger Brother Added To Chargers Roster For Week 3,celebrity,16,-12,0,64,28,15,ARCHIVE,The Justin Herbert's story is a proxy fight about something bigger — the other side of the fight,ARCHIVED,5.3,closed,0,news,11,v2
story-logan-stanley,2026-09-27T14:21:04.075Z,2026-09-27T14:21:04.075Z,Logan Stanley,Logan Stanley: Islanders sign Logan Stanley to one-year contract,scandal,31,0,6,64,0,26,ARCHIVE,What the Logan Stanley logan stanley: islanders sign logan stanley to one-year contract filings actually say — line by line — the number behind the headline,RESEARCH,3.5,unknown,60,trends|news,0,v2
story-jack-snape,2026-09-27T10:42:01.295Z,2026-09-27T10:42:01.295Z,Jack Snape,"Jack Snape: Wallabies gear up for mouthwatering South Africa clash: ‘A massive, massive Test’ | Jack Snape",scandal,19,0,9,34,0,26,ARCHIVE,"What the Jack Snape jack snape: wallabies gear up for mouthwatering south africa clash: ‘a massive, massive test’ | jack snape filings actually say — line by line — the other side of the fight",RESEARCH,3.5,unknown,60,news,0,v2
story-christopher-renstrom,2026-09-27T10:42:01.295Z,2026-09-27T10:42:01.295Z,Christopher Renstrom,"Christopher Renstrom: Horoscope for Sunday, 09/27/26 by Christopher Renstrom",scandal,19,0,0,64,0,19,ARCHIVE,"What the Christopher Renstrom christopher renstrom: horoscope for sunday, 09/27/26 by christopher renstrom filings actually say — line by line — the other side of the fight",RESEARCH,3.5,unknown,60,news,0,v2
story-noah-ark,2026-09-27T10:09:56.879Z,2026-09-27T10:09:56.879Z,Noah Ark,Noah Ark: trending now,scandal,12,0,0,64,0,17,ARCHIVE,What the Noah Ark noah ark: trending now filings actually say — line by line — the other side of the fight,RESEARCH,3.5,unknown,60,trends,0,v2
story-paul-ricard,2026-09-26T12:43:32.258Z,2026-09-27T09:39:07.506Z,Paul Ricard,"Paul Ricard: Le Castellet (FRA), 17th to 20th September 2026. BMW Motorrad Motorsport, FIM Endurance World Championship FIM",scandal,17,-1,0,64,0,19,ARCHIVE,"What the Paul Ricard paul ricard: le castellet (fra), 17th to 20th september 2026. bmw motorrad motorsport, fim endurance world championship fim filings actually say — line by line — the other side of the fight",RESEARCH,3.5,closed,0,news,0,v2
story-ryan-terry,2026-09-27T09:29:04.288Z,2026-09-27T09:39:07.506Z,Ryan Terry,Ryan Terry: 2026 Olympia Men’s Physique Results & Prize Money — Ryan Terry Wins 4th Title,scandal,18,-1,6,64,0,21,ARCHIVE,What the Ryan Terry ryan terry: 2026 olympia men’s physique results & prize money — ryan terry wins 4th title filings actually say — line by line — the number behind the headline,RESEARCH,3.5,unknown,50,news,0,v2
story-nathan-cleary,2026-09-27T08:41:28.604Z,2026-09-27T08:41:28.604Z,Nathan Cleary,"Nathan Cleary: NRL finals 2026 LIVE updates: Nathan Cleary suffers compound fracture, Newcastle open second half scoring foll",scandal,19,0,0,64,0,19,ARCHIVE,"What the Nathan Cleary nathan cleary: nrl finals 2026 live updates: nathan cleary suffers compound fracture, newcastle open second half scoring foll filings actually say — line by line — the other side of the fight",RESEARCH,3.5,unknown,60,news,0,v2
story-jeremy-pe,2026-09-27T07:25:42.388Z,2026-09-27T07:25:42.388Z,Jeremy Pe,Jeremy Pe: Data Viz: Jeremy Peña's 425-foot home run,scandal,19,0,4,64,0,21,ARCHIVE,What the Jeremy Pe jeremy pe: data viz: jeremy peña's 425-foot home run filings actually say — line by line — the other side of the fight,RESEARCH,3.5,unknown,60,news,0,v2
story-david-fincher,2026-09-27T06:41:02.199Z,2026-09-27T07:25:42.388Z,David Fincher,David Fincher: Aaron Sorkin Was His Own ‘Second Choice’ to Direct ‘The Social Reckoning’ — David Fincher Was His First,scandal,18,-1,0,64,0,19,ARCHIVE,What the David Fincher david fincher: aaron sorkin was his own ‘second choice’ to direct ‘the social reckoning’ — david fincher was his first filings actually say — line by line — the other side of the fight,RESEARCH,3.5,unknown,15,news,0,v2
story-colin-jost,2026-09-27T06:24:15.453Z,2026-09-27T06:24:15.453Z,Colin Jost,Colin Jost: Scarlett Johansson & Colin Jost Look Loved-Up at the Paper Tiger Premiere in N.Y.C. Plus Anne Hathaway and Mor,tech,28,0,0,64,40,17,ARCHIVE,The Colin Jost colin jost: scarlett johansson & colin jost look loved-up at the paper tiger premiere in n.y.c. plus anne hathaway and mor story is actually a money story — the other side of the fight,RESEARCH,6.6,closed,0,news,16,v2
story-jon-watts,2026-09-27T01:39:20.226Z,2026-09-27T01:39:20.226Z,Jon Watts,Jon Watts: ‘Star Wars’: Jon Watts to Direct Next Movie for Lucasfilm,celebrity,31,0,5,34,28,29,ARCHIVE,The Jon Watts story is a proxy fight about something bigger — the other side of the fight,RESEARCH,5.3,closed,0,trends|news,11,v2
story-steven-borden,2026-09-27T01:05:49.857Z,2026-09-27T01:05:49.857Z,Steven Borden,Steven Borden: Results of Darby Allin and Steven Borden vs. Kevin Knight and Kyle Fletcher at AEW All Out 2026,scandal,31,0,9,64,20,28,ARCHIVE,What the Steven Borden steven borden: results of darby allin and steven borden vs. kevin knight and kyle fletcher at aew all out 2026 filings actually say — line by line — the other side of the fight,RESEARCH,3.1,closed,0,trends|news,8,v2
story-ted-kaczynski-s,2026-09-25T20:21:44.553Z,2026-09-27T01:05:49.857Z,Ted Kaczynski's,Ted Kaczynski's: ‘Unabomber’ Review: Jacob Tremblay and Russell Crowe in a Facile Rendering of Ted Kaczynski’s College Days,scandal,17,-1,0,64,0,19,ARCHIVE,The Ted Kaczynski's story is a proxy fight about something bigger — the other side of the fight,RESEARCH,6,closed,0,news,0,v2
story-jacob-tremblay,2026-09-25T09:03:16.772Z,2026-09-27T01:05:49.857Z,Jacob Tremblay,Jacob Tremblay: ‘Unabomber’ Review: Jacob Tremblay Stuns in a Biopic That Still Can’t Decide if Kaczynski Was Crazy,scandal,16,0,7,64,0,22,ARCHIVE,What the Jacob Tremblay jacob tremblay: ‘unabomber’ review: jacob tremblay stuns in a biopic that still can’t decide if kaczynski was crazy filings actually say — line by line — the part that was not supposed to be public,KEPT,3.5,closed,0,news,0,v2
story-james-madison,2026-09-26T21:39:23.479Z,2026-09-27T00:11:28.194Z,James Madison,"James Madison: How to watch James Madison vs Old Dominion: Live stream NCAA College Football, TV channel",creator,17,7,0,64,63,15,ARCHIVE,The James Madison filing that will matter in six months — the other side of the fight,ARCHIVED,10.4,closed,0,trends|news,25,v2
story-angel-city,2026-09-26T23:00:43.831Z,2026-09-26T23:00:43.831Z,Angel City,Angel City: fc vs washington spirit,creator,36,0,9,64,30,29,ARCHIVE,The Angel City situation is weirder than the clips suggest — the other side of the fight,RESEARCH,3.7,closed,0,trends|news,12,v2
story-lee-curtis,2026-09-26T22:30:36.506Z,2026-09-26T22:30:36.506Z,Lee Curtis,"Lee Curtis: 'Sender', Starring Britt Lower & Jamie Lee Curtis, Gets US Deal",tech,31,0,6,34,13,29,ARCHIVE,"The Lee Curtis lee curtis: 'sender', starring britt lower & jamie lee curtis, gets us deal story is actually a money story — the number behind the headline",RESEARCH,6.6,closed,0,trends|news,5,v2
story-nate-frazier,2026-09-26T20:40:08.636Z,2026-09-26T20:40:08.636Z,Nate Frazier,"Nate Frazier: Georgia availability report reveals first update on Nate Frazier, Isiah Canion",tech,31,0,4,64,0,28,ARCHIVE,"The Nate Frazier nate frazier: georgia availability report reveals first update on nate frazier, isiah canion story is actually a money story — the other side of the fight",RESEARCH,7.5,unknown,300,trends|news,0,v2
story-sam-houston,2026-09-26T20:40:08.636Z,2026-09-26T20:40:08.636Z,Sam Houston,Sam Houston: Texas Tech vs. Sam Houston Final Stats,scandal,19,0,13,64,0,24,ARCHIVE,What the Sam Houston sam houston: texas tech vs. sam houston final stats filings actually say — line by line — the other side of the fight,RESEARCH,3.5,unknown,60,news,0,v2
story-tim-tebow,2026-09-24T21:42:56.070Z,2026-09-26T20:40:08.636Z,Tim Tebow,Tim Tebow: Life Surge Financial Courses Under Fire For Allegedly Charging Up to $50K,scandal,23,4,0,64,30,17,ARCHIVE,The Tim Tebow tim tebow: praises jadan baugh’s impact beyond the stat sheet story is actually a money story — the other side of the fight,KEPT,5.6,closed,-2631,trends|news,12,v2
story-anthony-gordon,2026-09-26T20:02:26.077Z,2026-09-26T20:40:08.636Z,Anthony Gordon,Anthony Gordon: Explains Why Spain Is 'Built Different' Than England,tech,12,-24,0,64,63,12,ARCHIVE,What the Anthony Gordon anthony gordon: reminisces about mexico at the 2026 world cup: was it the wildest night of his life? filings actually say — line by line — the other side of the fight,ARCHIVED,3.1,closed,-2,trends|news,25,v2
story-charles-spencer,2026-09-26T15:20:22.722Z,2026-09-26T20:02:26.077Z,Charles Spencer,"Charles Spencer: Reveals the 1 Regret He Has About His Sister, Princess Diana (Exclusive)",scandal,18,-1,0,64,0,19,ARCHIVE,"What the Charles Spencer charles spencer: reveals the 1 regret he has about his sister, princess diana (exclusive) filings actually say — line by line — the other side of the fight",RESEARCH,3.5,closed,0,news,0,v2
story-earl-spencer-s,2026-09-26T20:02:26.077Z,2026-09-26T20:02:26.077Z,Earl Spencer's,"Earl Spencer's: Earl Spencer’s Book Rocked the Royals, But the Bigger PR Challenge Is Still Ahead",scandal,28,0,0,64,63,17,ARCHIVE,"What the Earl Spencer's earl spencer's: earl spencer’s book rocked the royals, but the bigger pr challenge is still ahead filings actually say — line by line — the other side of the fight",RESEARCH,3.1,closed,0,news,25,v2
story-harry-kane,2026-09-26T20:02:26.077Z,2026-09-26T20:02:26.077Z,Harry Kane,Harry Kane: England's Thomas Tuchel backs star Harry Kane to win Ballon d'Or: 'The full package',celebrity,31,0,5,64,63,24,ARCHIVE,The Harry Kane story is a proxy fight about something bigger — the other side of the fight,RESEARCH,5.3,closed,0,trends|news,25,v2
story-robert-morris,2026-09-26T19:18:44.626Z,2026-09-26T19:39:43.318Z,Robert Morris,"Robert Morris: (LIVESTREAMs!) Robert Morris vs Buffalo College football Sept. 26: LIVE, Stream",creator,28,-8,13,64,63,23,ARCHIVE,The Robert Morris situation is weirder than the clips suggest — the other side of the fight,RESEARCH,3.2,closed,0,trends|news,25,v2
story-colin-simmons,2026-09-26T18:14:36.194Z,2026-09-26T18:14:36.194Z,Colin Simmons,Colin Simmons: gets penalty for 'simulating using restroom' vs Tennessee football,scandal,36,0,13,64,40,30,ARCHIVE,What the Colin Simmons colin simmons: gets penalty for 'simulating using restroom' vs tennessee football filings actually say — line by line — the other side of the fight,RESEARCH,3.1,closed,0,trends|news,16,v2
story-james-laurinaitis,2026-09-26T17:34:55.639Z,2026-09-26T17:49:51.487Z,James Laurinaitis,James Laurinaitis: trending now,tech,26,-5,0,64,0,21,ARCHIVE,The James Laurinaitis james laurinaitis: trending now story is actually a money story — the other side of the fight,RESEARCH,7.5,unknown,285,trends|news,0,v2
story-tom-brady,2026-09-26T14:36:09.931Z,2026-09-26T17:49:51.487Z,Tom Brady,Tom Brady: ‘looked like a cancer patient’ during last NFL mistake,celebrity,16,-12,6,64,63,14,ARCHIVE,"The Tom Brady tom brady: where the highest-paid sports broadcasters’ salaries stack up against each other: tom brady, shaq and more story is actually a money story — the number behind the headline",ARCHIVED,6.6,closed,0,news,25,v2
story-brian-kelly,2026-09-26T16:34:32.850Z,2026-09-26T16:34:32.850Z,Brian Kelly,Brian Kelly: 'I’ll preface it by saying that I recruited him' - Former LSU head coach Brian Kelly left no doubt on how he f,tech,19,0,0,64,0,18,ARCHIVE,The Brian Kelly brian kelly: 'i’ll preface it by saying that i recruited him' - former lsu head coach brian kelly left no doubt on how he f story is actually a money story — the other side of the fight,RESEARCH,7.5,unknown,300,news,0,v2
story-jeff-brohm,2026-09-26T15:20:22.722Z,2026-09-26T15:20:22.722Z,Jeff Brohm,Jeff Brohm: Watch Jeff Brohm breaks down transfer quarterbacks Tyler Shough and Lincoln Kienholz - Wake Up Barstool,scandal,19,0,5,64,0,21,ARCHIVE,What the Jeff Brohm jeff brohm: watch jeff brohm breaks down transfer quarterbacks tyler shough and lincoln kienholz - wake up barstool filings actually say — line by line — the other side of the fight,RESEARCH,3.5,unknown,60,news,0,v2
story-brian-urlacher,2026-09-26T14:53:50.644Z,2026-09-26T15:20:22.722Z,Brian Urlacher,"Brian Urlacher: NFL legend Brian Urlacher rips Colin Kaepernick, says protests wouldn't have flown in his locker room",celebrity,23,-2,0,64,3,21,ARCHIVE,The Brian Urlacher story is a proxy fight about something bigger — the other side of the fight,RESEARCH,6,unknown,183,news,1,v2
story-tim-scott,2026-09-26T13:25:11.401Z,2026-09-26T15:20:22.722Z,Tim Scott,"Tim Scott: NRSC Chair Tim Scott leaves Georgia, North Carolina off his list of top Senate targets",tech,16,0,0,64,0,18,ARCHIVE,"The Tim Scott tim scott: nrsc chair tim scott leaves georgia, north carolina off his list of top senate targets story is actually a money story — the other side of the fight",KEPT,7.5,unknown,185,news,0,v2
story-colin-kaepernick,2026-09-23T17:40:57.564Z,2026-09-26T15:20:22.722Z,Colin Kaepernick,Colin Kaepernick: John Harbaugh gets another chance to consider Colin Kaepernick,scandal,19,-2,0,64,35,16,ARCHIVE,The Colin Kaepernick colin kaepernick: trending now story is actually a money story — the other side of the fight,BOOSTED,7.5,closed,-3879,news|trends,14,v2
story-brian-urlacher-s,2026-09-26T15:02:54.813Z,2026-09-26T15:20:22.722Z,Brian Urlacher's,Brian Urlacher's: Colin Kaepernick Wouldn't Fly On Brian Urlacher's Team | The Craig Carton Show,tech,18,-1,0,64,0,18,ARCHIVE,The Brian Urlacher's brian urlacher's: colin kaepernick wouldn't fly on brian urlacher's team | the craig carton show story is actually a money story — the other side of the fight,RESEARCH,7.5,unknown,283,news,0,v2
story-josh-heupel,2026-09-26T14:53:50.644Z,2026-09-26T15:02:54.813Z,Josh Heupel,Josh Heupel: trending now,scandal,23,11,0,64,18,16,ARCHIVE,The Josh Heupel josh heupel: trending now story is actually a money story — the other side of the fight,BOOSTED,6.6,closed,0,trends|news,7,v2
story-hadjar-returns-from,2026-09-26T13:47:52.270Z,2026-09-26T13:47:52.270Z,Hadjar Returns From,Hadjar Returns From: Isack Hadjar Returns From Injury to Outqualify His Teammate Max Verstappen in Baku,tech,19,0,0,64,0,18,ARCHIVE,The Hadjar Returns From hadjar returns from: isack hadjar returns from injury to outqualify his teammate max verstappen in baku story is actually a money story — the other side of the fight,RESEARCH,7.5,unknown,300,news,0,v2
story-jose-fernandez,2026-09-26T13:47:52.270Z,2026-09-26T13:47:52.270Z,Jose Fernandez,Jose Fernandez: trending now,scandal,12,0,0,64,0,17,ARCHIVE,What the Jose Fernandez jose fernandez: trending now filings actually say — line by line — the other side of the fight,RESEARCH,3.5,unknown,60,trends,0,v2
story-jose-fern,2026-09-26T13:47:52.270Z,2026-09-26T13:47:52.270Z,Jose Fern,"Jose Fern: Ten years after Jose Fernández's death, the Marlins and the baseball world as a whole still haven't grappled w",tech,19,0,0,64,0,18,ARCHIVE,"The Jose Fern jose fern: ten years after jose fernández's death, the marlins and the baseball world as a whole still haven't grappled w story is actually a money story — the other side of the fight",RESEARCH,7.5,unknown,300,news,0,v2
story-jeff-passan,2026-09-26T13:47:52.270Z,2026-09-26T13:47:52.270Z,Jeff Passan,"Jeff Passan: Sources Tell Jeff Passan - Remembering José Fernández, 10 Years Later with Christian Yelich & Dee Strange-Gord",scandal,19,0,0,64,0,19,ARCHIVE,"What the Jeff Passan jeff passan: sources tell jeff passan - remembering josé fernández, 10 years later with christian yelich & dee strange-gord filings actually say — line by line — the other side of the fight",RESEARCH,3.5,unknown,60,news,0,v2
story-nathan-fielder,2026-09-23T15:07:21.236Z,2026-09-26T11:59:56.175Z,Nathan Fielder,"Nathan Fielder: ‘You Can See Everything’ Trailer: Nathan Fielder Lives With Elizabeth Holmes, Makes Her Cry and Interrogates H",tech,13,0,0,34,48,16,ARCHIVE,"The Nathan Fielder nathan fielder: ‘you can see everything’ trailer: nathan fielder lives with elizabeth holmes, makes her cry and interrogates h story is actually a money story — the other side of the fight",ARCHIVED,4.9,closed,-3989,news,19,v2
story-lloyd-harris,2026-09-26T10:08:54.099Z,2026-09-26T11:06:02.539Z,Lloyd Harris,"Lloyd Harris: Valentin Vacherot vs. Lloyd Harris prediction, odds, picks for ATP Chengdu Open 2026",scandal,32,4,9,64,3,27,ARCHIVE,"What the Lloyd Harris lloyd harris: valentin vacherot vs. lloyd harris prediction, odds, picks for atp chengdu open 2026 filings actually say — line by line — the other side of the fight",KEPT,3.1,closed,0,news|trends,1,v2
story-jack-haven-s,2026-09-26T09:42:44.587Z,2026-09-26T10:08:54.099Z,Jack Haven's,Jack Haven's: Plea for Work Reminds Us That The Majority of Actors Are Struggling,celebrity,18,-1,0,64,0,19,ARCHIVE,The Jack Haven's story is a proxy fight about something bigger — the other side of the fight,RESEARCH,6,unknown,184,news,0,v2
story-jack-haven,2026-09-22T22:48:47.435Z,2026-09-26T10:08:54.099Z,Jack Haven,Jack Haven: Netflix star Jack Haven issues desperate plea for work to keep SAG health insurance as deadline looms,celebrity,14,0,0,64,5,18,ARCHIVE,What the Jack Haven jack haven: needs work asap to qualify for health insurance: “i will do pretty much any job” filings actually say — line by line — the other side of the fight,ARCHIVED,3.1,closed,0,trends|news,2,v2
story-will-do,2026-09-26T10:08:54.099Z,2026-09-26T10:08:54.099Z,Will Do,Will Do: Jack Haven Needs Work ASAP to Qualify for Health Insurance: “I Will Do Pretty Much Any Job”,scandal,19,0,0,64,0,19,ARCHIVE,What the Will Do will do: jack haven needs work asap to qualify for health insurance: “i will do pretty much any job” filings actually say — line by line — the other side of the fight,RESEARCH,3.5,unknown,60,news,0,v2
story-plus-gets-free,2026-09-26T09:30:39.728Z,2026-09-26T09:42:44.587Z,Plus Gets Free,Plus Gets Free: PlayStation Plus Gets Free Perfect 10/10 Open-World Game,scandal,18,-1,0,64,0,19,ARCHIVE,What the Plus Gets Free plus gets free: playstation plus gets free perfect 10/10 open-world game filings actually say — line by line — the other side of the fight,RESEARCH,3.5,unknown,48,news,0,v2
story-sean-sakaida,2026-09-26T09:30:39.728Z,2026-09-26T09:42:44.587Z,Sean Sakaida,Sean Sakaida: trending now,tech,11,-1,0,64,0,15,ARCHIVE,The Sean Sakaida sean sakaida: trending now story is actually a money story — the other side of the fight,RESEARCH,7.5,unknown,288,trends,0,v2
story-kardashian-shares-photo,2026-09-26T08:55:49.779Z,2026-09-26T09:30:39.728Z,Kardashian Shares Photo,Kardashian Shares Photo: Kim Kardashian Shares Photo of Steamy Kiss with Lewis Hamilton Under the Eiffel Tower,scandal,18,-1,4,64,0,21,ARCHIVE,What the Kardashian Shares Photo kardashian shares photo: kim kardashian shares photo of steamy kiss with lewis hamilton under the eiffel tower filings actually say — line by line — the other side of the fight,RESEARCH,3.5,unknown,25,news,0,v2
story-lewis-hamilton,2026-09-26T08:05:32.983Z,2026-09-26T09:30:39.728Z,Lewis Hamilton,Lewis Hamilton: Kim Kardashian Shares Photo of Steamy Kiss with Lewis Hamilton Under the Eiffel Tower,scandal,17,-7,4,64,63,17,ARCHIVE,What the Lewis Hamilton lewis hamilton: kim kardashian shares photo of steamy kiss with lewis hamilton under the eiffel tower filings actually say — line by line — the other side of the fight,RESEARCH,2.3,closed,-97,trends|news,25,v2
story-bynes-launches-handbag,2026-09-26T08:55:49.779Z,2026-09-26T08:55:49.779Z,Bynes Launches Handbag,Bynes Launches Handbag: Amanda Bynes Launches Handbag Collection Under New York Speed Brand,tech,19,0,4,64,0,19,ARCHIVE,The Bynes Launches Handbag bynes launches handbag: amanda bynes launches handbag collection under new york speed brand story is actually a money story — the other side of the fight,RESEARCH,7.5,unknown,300,news,0,v2
story-bynes-called-out,2026-09-26T08:05:32.983Z,2026-09-26T08:55:49.779Z,Bynes Called Out,Bynes Called Out: Amanda Bynes Called Out by Fans for Selling Pricey Handmade Purse That Looks Like a ‘Trash Bag’,creator,17,-1,9,64,0,23,ARCHIVE,The Bynes Called Out situation is weirder than the clips suggest — the other side of the fight,RESEARCH,4.2,unknown,52,news,0,v2
story-stylist-reveals-her,2026-09-26T06:56:23.953Z,2026-09-26T08:55:49.779Z,Stylist Reveals Her,Stylist Reveals Her: Zendaya’s Stylist Reveals Her Reaction To Him Spilling The Tea On Her Marriage To Tom Holland,scandal,16,0,0,64,0,19,ARCHIVE,What the Stylist Reveals Her stylist reveals her: zendaya’s stylist reveals her reaction to him spilling the tea on her marriage to tom holland filings actually say — line by line — the other side of the fight,KEPT,3.5,closed,0,news,0,v2
story-amanda-bynes,2026-09-26T06:56:23.953Z,2026-09-26T08:55:49.779Z,Amanda Bynes,Amanda Bynes: Called Out by Fans for Selling Pricey Handmade Purse That Looks Like a ‘Trash Bag’,creator,21,-2,13,64,0,27,ARCHIVE,The Amanda Bynes situation is weirder than the clips suggest — the other side of the fight,KEPT,4.2,closed,0,trends|news,0,v2
story-tom-holland,2026-09-26T06:13:09.687Z,2026-09-26T08:55:49.779Z,Tom Holland,Tom Holland: How Zendaya Really Feels About Law Roach Announcing Her Wedding to Tom Holland,scandal,19,-1,0,64,63,16,ARCHIVE,What the Tom Holland tom holland: how zendaya really feels about law roach announcing her wedding to tom holland filings actually say — line by line — the other side of the fight,RESEARCH,2.3,closed,-175,news,25,v2
story-roger-clark,2026-09-26T06:56:23.953Z,2026-09-26T07:57:24.144Z,Roger Clark,Roger Clark: Addresses GTA 6 Comparisons to Red Dead Redemption 2,scandal,18,-1,0,64,0,19,ARCHIVE,What the Roger Clark roger clark: addresses gta 6 comparisons to red dead redemption 2 filings actually say — line by line — the other side of the fight,RESEARCH,3.5,closed,0,news,0,v2
story-officially-addresses-wild,2026-09-26T06:56:23.953Z,2026-09-26T07:57:24.144Z,Officially Addresses Wild,Officially Addresses Wild: ‘Red Dead Redemption 2’ Star Officially Addresses Wild Comparisons to 'GTA 6' [Exclusive],celebrity,18,-1,5,64,0,21,ARCHIVE,The Officially Addresses Wild story is a proxy fight about something bigger — the other side of the fight,RESEARCH,6,unknown,149,news,0,v2
story-chris-johnson,2026-09-23T20:07:39.336Z,2026-09-26T06:13:09.687Z,Chris Johnson,Chris Johnson: opens up about his heartbreaking ALS journey as former NFL star fights for more time with h,celebrity,7,0,0,64,28,13,ARCHIVE,What the Chris Johnson chris johnson: trending now filings actually say — line by line — the other side of the fight,ARCHIVED,2.6,closed,0,trends|news,11,v2
story-jennifer-aniston,2026-09-26T03:42:50.782Z,2026-09-26T03:42:50.782Z,Jennifer Aniston,Jennifer Aniston: trending now,tech,36,0,0,64,45,23,ARCHIVE,The Jennifer Aniston jennifer aniston: trending now story is actually a money story — the other side of the fight,RESEARCH,6.6,closed,0,trends|news,18,v2
story-josh-hoover,2026-09-26T01:11:46.839Z,2026-09-26T01:47:36.586Z,Josh Hoover,Josh Hoover: Indiana's Curt Cignetti blasts 'unfair scrutiny' of QB Josh Hoover,tech,26,-5,9,64,8,23,ARCHIVE,The Josh Hoover josh hoover: indiana's curt cignetti blasts 'unfair scrutiny' of qb josh hoover story is actually a money story — the other side of the fight,RESEARCH,5.6,closed,0,trends|news,3,v2
story-mark-hamill,2026-09-26T00:21:36.496Z,2026-09-26T00:21:36.496Z,Mark Hamill,"Mark Hamill: ‘Darkwing Duck’ Revived at Disney+ Starring Mark Hamill, Seth Rogen, Lizzy Caplan and Lilimar",celebrity,28,0,0,34,57,20,ARCHIVE,The Mark Hamill story is a proxy fight about something bigger — the other side of the fight,RESEARCH,5.3,closed,0,news,23,v2
story-seth-rogen,2026-09-26T00:21:36.496Z,2026-09-26T00:21:36.496Z,Seth Rogen,Seth Rogen: trending now,celebrity,31,0,0,34,10,25,ARCHIVE,The Seth Rogen story is a proxy fight about something bigger — the other side of the fight,RESEARCH,5.3,closed,0,trends|news,4,v2
story-olivia-rodrigo,2026-09-25T23:55:27.638Z,2026-09-26T00:21:36.496Z,Olivia Rodrigo,Olivia Rodrigo: tour,scandal,24,-4,0,34,63,21,ARCHIVE,What the Olivia Rodrigo olivia rodrigo: tour filings actually say — line by line — the other side of the fight,RESEARCH,2.3,closed,-38,trends|news,25,v2
story-chris-spatola,2026-09-25T23:11:11.808Z,2026-09-25T23:22:04.524Z,Chris Spatola,Chris Spatola: cause of death,scandal,26,-5,0,34,3,25,ARCHIVE,What the Chris Spatola chris spatola: cause of death filings actually say — line by line — the other side of the fight,RESEARCH,3.1,closed,0,trends|news,1,v2
story-will-smith,2026-09-23T07:06:16.371Z,2026-09-25T22:33:49.429Z,Will Smith,Will Smith: trending now,scandal,31,16,7,64,63,21,ARCHIVE,The Will Smith will smith: rob lowe explains why he was ‘the only person happy’ when will smith slapped chris rock at the oscars story is actually a money story — the detail nobody has explained,BOOSTED,6.6,closed,-3562,trends|news,25,v2
story-chris-rock,2026-09-25T22:33:49.429Z,2026-09-25T22:33:49.429Z,Chris Rock,Chris Rock: Rob Lowe explains why he was ‘the only person happy’ when Will Smith slapped Chris Rock at the Oscars,tech,28,0,7,64,53,19,ARCHIVE,The Chris Rock chris rock: rob lowe explains why he was ‘the only person happy’ when will smith slapped chris rock at the oscars story is actually a money story — the detail nobody has explained,RESEARCH,6.6,closed,0,news,21,v2
story-will-harm,2026-09-25T21:53:19.922Z,2026-09-25T21:53:19.922Z,Will Harm,Will Harm: GUEST ROOM | How Hasan Piker’s Words Will Harm Jewish Cornellians,scandal,19,0,0,64,0,19,ARCHIVE,What the Will Harm will harm: guest room | how hasan piker’s words will harm jewish cornellians filings actually say — line by line — the other side of the fight,RESEARCH,3.5,unknown,60,news,0,v2
story-steve-gleason,2026-09-25T21:46:41.849Z,2026-09-25T21:53:19.922Z,Steve Gleason,Steve Gleason: trending now,scandal,21,-4,0,64,13,18,ARCHIVE,What the Steve Gleason steve gleason: trending now filings actually say — line by line — the other side of the fight,RESEARCH,2.6,closed,-1,trends|news,5,v2
story-tim-tebow-s,2026-09-25T21:46:41.849Z,2026-09-25T21:53:19.922Z,Tim Tebow's,Tim Tebow's: Tim Tebow’s ties to allegedly predatory Christian organization being investigated,scandal,18,-1,0,64,0,19,ARCHIVE,What the Tim Tebow's tim tebow's: pablo torre investigates tim tebow’s ties to allegedly predatory christian organization ‘life surge’ filings actually say — line by line — the other side of the fight,RESEARCH,3.5,unknown,53,news,0,v2
story-ted-kaczynski,2026-09-25T09:03:16.772Z,2026-09-25T20:37:36.464Z,Ted Kaczynski,Ted Kaczynski: Who was the Unabomber? The true story behind Netflix's new Ted Kaczynski movie.,celebrity,10,-8,0,64,0,17,ARCHIVE,What the Ted Kaczynski ted kaczynski: trending now filings actually say — line by line — the other side of the fight,RESEARCH,3.5,closed,0,news|trends,0,v2
story-nathan-fielder-s,2026-09-23T15:30:18.222Z,2026-09-25T20:21:44.553Z,Nathan Fielder's,Nathan Fielder's: Nathan Fielder’s Elizabeth Holmes Doc Drops Full Trailer — and You Will Want to See Everything,tech,17,-1,0,64,0,18,ARCHIVE,The Nathan Fielder's nathan fielder's: nathan fielder’s elizabeth holmes documentary slapped with r-rating for ‘graphic nudity’ story is actually a money story — the other side of the fight,RESEARCH,7.5,closed,0,news,0,v2
story-victor-osimhen,2026-09-25T19:42:02.842Z,2026-09-25T19:42:02.842Z,Victor Osimhen,"Victor Osimhen: Eric Chelle's Victor Osimhen gamble failed, but Nigeria have rebuilding depth",tech,19,0,0,64,0,18,ARCHIVE,"The Victor Osimhen victor osimhen: eric chelle's victor osimhen gamble failed, but nigeria have rebuilding depth story is actually a money story — the other side of the fight",RESEARCH,7.5,unknown,300,news,0,v2
story-noah-woods,2026-09-25T11:31:22.687Z,2026-09-25T18:11:07.662Z,Noah Woods,Noah Woods: trending now,scandal,14,0,10,34,23,23,ARCHIVE,The Noah Woods noah woods: what happened to noah woods story is actually a money story — the detail nobody has explained,KEPT,4.9,closed,-256,trends|news,9,v2
story-netflix-reveals-first,2026-09-25T18:02:57.581Z,2026-09-25T18:11:07.662Z,Netflix Reveals First,Netflix Reveals First: Look at Upcoming Live-Action Remake of a Disney Classic,scandal,18,-1,0,64,0,19,ARCHIVE,What the Netflix Reveals First netflix reveals first: look at upcoming live-action remake of a disney classic filings actually say — line by line — the other side of the fight,RESEARCH,3.5,unknown,52,news,0,v2
story-vincent-cassel,2026-09-25T18:02:57.581Z,2026-09-25T18:11:07.662Z,Vincent Cassel,"Vincent Cassel: Quasimodo, the heart of Paris: Vincent Cassel stars as the famous hunchback on Netflix",celebrity,18,-1,7,64,0,22,ARCHIVE,The Vincent Cassel story is a proxy fight about something bigger — the other side of the fight,RESEARCH,6,unknown,202,news,0,v2
story-charles-spencer-s,2026-09-24T07:55:26.302Z,2026-09-25T17:45:17.415Z,Charles Spencer's,Charles Spencer's: ‘My Husband Is in Love With His Valet’: Takeaways From Charles Spencer’s Memoir,scandal,19,-1,0,34,63,19,ARCHIVE,What the Charles Spencer's charles spencer's: ‘my husband is in love with his valet’: takeaways from charles spencer’s memoir filings actually say — line by line — the other side of the fight,ARCHIVED,2.3,closed,-2042,news,25,v2
story-mark-consuelos,2026-09-25T17:25:30.650Z,2026-09-25T17:25:30.650Z,Mark Consuelos,Mark Consuelos: Announces ‘Major Surgery’ in ‘Live’ Health Update,scandal,36,0,4,64,30,27,ARCHIVE,What the Mark Consuelos mark consuelos: announces ‘major surgery’ in ‘live’ health update filings actually say — line by line — the other side of the fight,RESEARCH,3.1,closed,0,trends|news,12,v2
story-david-jonsson,2026-09-25T14:13:23.768Z,2026-09-25T15:22:11.444Z,David Jonsson,David Jonsson: Shares First Look at His Physical Training Since He Was Named Next Black Panther Star,tech,21,-2,5,64,8,20,ARCHIVE,The David Jonsson david jonsson: shares first look at his physical training since he was named next black panther star story is actually a money story — the other side of the fight,RESEARCH,5,closed,0,news,3,v2
story-jonsson-shares-first,2026-09-25T14:40:45.354Z,2026-09-25T15:22:11.444Z,Jonsson Shares First,Jonsson Shares First: David Jonsson Shares First Look at His Physical Training Since He Was Named Next Black Panther Star,tech,17,-1,5,64,0,19,ARCHIVE,The Jonsson Shares First jonsson shares first: david jonsson shares first look at his physical training since he was named next black panther star story is actually a money story — the other side of the fight,RESEARCH,7.5,unknown,259,news,0,v2
story-jonsson-gives-glimpse,2026-09-25T14:40:45.354Z,2026-09-25T15:22:11.444Z,Jonsson Gives Glimpse,Jonsson Gives Glimpse: David Jonsson Gives Glimpse into His Black Panther Training.,tech,17,-1,0,64,0,18,ARCHIVE,The Jonsson Gives Glimpse jonsson gives glimpse: david jonsson gives glimpse into his black panther training. story is actually a money story — the other side of the fight,RESEARCH,7.5,unknown,259,news,0,v2
story-max-verstappen,2026-09-25T14:40:45.354Z,2026-09-25T14:40:45.354Z,Max Verstappen,Max Verstappen: pips George Russell in closing stages of Azerbaijan GP final practice,tech,19,0,0,64,0,18,ARCHIVE,The Max Verstappen max verstappen: pips george russell in closing stages of azerbaijan gp final practice story is actually a money story — the other side of the fight,RESEARCH,7.5,unknown,300,news,0,v2
story-aidan-o-connell,2026-09-25T12:28:42.680Z,2026-09-25T13:20:04.507Z,Aidan O'connell,Aidan O'connell: trending now,tech,11,-1,0,64,0,15,ARCHIVE,The Aidan O'connell aidan o'connell: trending now story is actually a money story — the other side of the fight,RESEARCH,7.5,unknown,249,trends,0,v2
story-david-rubenstein-s,2026-09-25T12:28:42.680Z,2026-09-25T12:28:42.680Z,David Rubenstein's,David Rubenstein's: 5 things we learned from David Rubenstein’s book on owning the Orioles,scandal,19,0,0,64,0,19,ARCHIVE,What the David Rubenstein's david rubenstein's: 5 things we learned from david rubenstein’s book on owning the orioles filings actually say — line by line — the other side of the fight,RESEARCH,3.5,unknown,60,news,0,v2
story-david-rubenstein,2026-09-25T11:31:22.687Z,2026-09-25T12:28:42.680Z,David Rubenstein,"David Rubenstein: Billionaire David Rubenstein talks sports, his worst investing mistakes, and where AI stocks are headed",tech,23,-3,4,34,13,22,ARCHIVE,"The David Rubenstein david rubenstein: billionaire david rubenstein talks sports, his worst investing mistakes, and where ai stocks are headed story is actually a money story — the other side of the fight",RESEARCH,4.9,closed,0,trends|news,5,v2
story-steve-alford,2026-09-25T11:31:22.687Z,2026-09-25T12:04:32.108Z,Steve Alford,Steve Alford: trending now,scandal,30,-1,0,64,3,23,ARCHIVE,What the Steve Alford steve alford: trending now filings actually say — line by line — the other side of the fight,RESEARCH,3.1,unknown,3,trends|news,1,v2
story-alex-eala,2026-09-23T13:25:07.033Z,2026-09-25T11:31:22.687Z,Alex Eala,Alex Eala: vs Tatiana Prozorova in Singapore Open round of 16,tech,10,1,0,64,63,14,ARCHIVE,The Alex Eala story is a proxy fight about something bigger — the other side of the fight,KEPT,4.5,closed,-2646,news,25,v2
story-adrian-mannarino,2026-09-25T06:13:35.895Z,2026-09-25T10:28:33.709Z,Adrian Mannarino,Adrian Mannarino: Alejandro Tabilo vs Adrian Mannarino Prediction - ATP Chengdu 2026,scandal,12,0,9,64,3,23,ARCHIVE,What the Adrian Mannarino adrian mannarino: alejandro tabilo vs adrian mannarino prediction - atp chengdu 2026 filings actually say — line by line — the other side of the fight,KEPT,3.4,closed,0,news,1,v2
story-rachel-dolezal-,2026-09-25T09:03:16.772Z,2026-09-25T09:11:58.127Z,Rachel Dolezal',Rachel Dolezal': ‘Temu Rachel Dolezal’: Philly activist confesses to years of identity fraud faking Black and Palestinian herit,scandal,18,-1,6,86,0,19,ARCHIVE,What the Rachel Dolezal' rachel dolezal': ‘temu rachel dolezal’: philly activist confesses to years of identity fraud faking black and palestinian herit filings actually say — line by line — the number behind the headline,RESEARCH,3.5,unknown,51,news,0,v2
story-hannah-gann,2026-09-25T09:03:16.772Z,2026-09-25T09:11:58.127Z,Hannah Gann,Hannah Gann: Activists fooled by Hannah Gann want Philly schools to hold her accountable for hurting students,scandal,18,-1,0,64,0,19,ARCHIVE,What the Hannah Gann hannah gann: activists fooled by hannah gann want philly schools to hold her accountable for hurting students filings actually say — line by line — the other side of the fight,RESEARCH,3.5,unknown,51,news,0,v2
story-victor-valverde,2026-09-25T08:18:29.578Z,2026-09-25T08:18:29.578Z,Victor Valverde,Victor Valverde: trending now,scandal,12,0,0,64,0,17,ARCHIVE,What the Victor Valverde victor valverde: trending now filings actually say — line by line — the other side of the fight,RESEARCH,3.5,unknown,60,trends,0,v2
story-joe-alwyn,2026-09-25T05:08:32.387Z,2026-09-25T05:08:32.387Z,Joe Alwyn,"Joe Alwyn: Oh, That’s Why Mary Beth Barone and Joe Alwyn Were Together",celebrity,36,0,16,34,0,38,ARCHIVE,The Joe Alwyn story is a proxy fight about something bigger — the detail nobody has explained,RESEARCH,6,unknown,210,trends|news,0,v2
story-michael-penix,2026-09-24T21:10:10.313Z,2026-09-25T01:43:23.029Z,Michael Penix,Michael Penix: Falcons to start QB Michael Penix on Thursday vs. Packers,celebrity,13,0,0,64,63,13,ARCHIVE,The Michael Penix story is a proxy fight about something bigger — the other side of the fight,ARCHIVED,5.3,closed,-105,trends|news,25,v2
story-billy-bowman,2026-09-25T00:41:48.073Z,2026-09-25T01:43:23.029Z,Billy Bowman,Billy Bowman: Thursday Night Football: Falcons CB Billy Bowman will make his 2026 debut,scandal,18,-1,0,64,0,19,ARCHIVE,What the Billy Bowman billy bowman: thursday night football: falcons cb billy bowman will make his 2026 debut filings actually say — line by line — the other side of the fight,RESEARCH,3.5,closed,0,news,0,v2
story-nick-folk,2026-09-25T01:43:23.029Z,2026-09-25T01:43:23.029Z,Nick Folk,Nick Folk: Fromal’s Kicking Notebook: Assessing Nick Folk panic and NFL Week 1 standouts,celebrity,36,0,5,64,3,31,ARCHIVE,The Nick Folk story is a proxy fight about something bigger — the other side of the fight,RESEARCH,5.3,closed,0,trends|news,1,v2
story-ian-happ,2026-09-25T01:09:16.613Z,2026-09-25T01:09:16.613Z,Ian Happ,Ian Happ: trending now,tech,36,0,0,64,18,25,ARCHIVE,The Ian Happ ian happ: trending now story is actually a money story — the other side of the fight,RESEARCH,6.6,closed,0,trends|news,7,v2
story-brandon-dorlus,2026-09-25T01:09:16.613Z,2026-09-25T01:09:16.613Z,Brandon Dorlus,Brandon Dorlus: News: Practices in full Tuesday,scandal,28,0,0,64,0,22,ARCHIVE,What the Brandon Dorlus brandon dorlus: news: practices in full tuesday filings actually say — line by line — the other side of the fight,RESEARCH,3.5,unknown,60,news,0,v2
story-josh-jacobs,2026-09-24T15:43:49.659Z,2026-09-25T00:41:48.073Z,Josh Jacobs,Josh Jacobs: news,scandal,22,-2,13,34,43,26,ARCHIVE,What the Josh Jacobs josh jacobs: packers get legal update on rb josh jacobs ahead of tnf clash filings actually say — line by line — the other side of the fight,KEPT,2.3,closed,0,trends|news,17,v2
story-micah-parsons,2026-09-25T00:41:48.073Z,2026-09-25T00:41:48.073Z,Micah Parsons,"Micah Parsons: No, Pack, no: Missing Micah Parsons, Green Bay ties grim NFL record -- and may currently be NFC's worst team",celebrity,31,0,13,64,5,31,ARCHIVE,The Micah Parsons story is a proxy fight about something bigger — the number behind the headline,RESEARCH,5.3,closed,0,trends|news,2,v2
story-kevin-stefanski,2026-09-25T00:41:48.073Z,2026-09-25T00:41:48.073Z,Kevin Stefanski,Kevin Stefanski: trending now,scandal,36,0,0,64,5,29,ARCHIVE,What the Kevin Stefanski kevin stefanski: trending now filings actually say — line by line — the other side of the fight,RESEARCH,3.1,closed,0,trends|news,2,v2
story-john-madden,2026-09-24T23:58:36.383Z,2026-09-25T00:15:15.462Z,John Madden,John Madden: trending now,tech,21,-4,0,64,60,14,ARCHIVE,The John Madden john madden: trending now story is actually a money story — the other side of the fight,RESEARCH,5.6,closed,0,trends|news,24,v2
story-kyle-pitts,2026-09-24T23:05:51.887Z,2026-09-24T23:50:29.400Z,Kyle Pitts,Kyle Pitts: Can Falcons finally get TE Kyle Pitts going on 'Thursday Night Football' vs. Packers?,celebrity,26,-5,9,64,20,22,ARCHIVE,What the Kyle Pitts kyle pitts: can falcons finally get te kyle pitts going on 'thursday night football' vs. packers? filings actually say — line by line — the other side of the fight,RESEARCH,2.6,closed,-39,trends|news,8,v2
story-nick-chubb,2026-09-24T20:20:59.153Z,2026-09-24T21:10:10.313Z,Nick Chubb,Nick Chubb: will sign one-day contract to retire with Browns,scandal,25,-5,6,64,30,21,ARCHIVE,What the Nick Chubb nick chubb: will sign one-day contract to retire with browns filings actually say — line by line — the number behind the headline,RESEARCH,2.3,closed,-61,trends|news,12,v2
story-paul-skenes-,2026-09-24T20:37:55.235Z,2026-09-24T21:10:10.313Z,Paul Skenes',"Paul Skenes': Pirates beat Cardinals behind Paul Skenes’ strong start, Spencer Horwitz’s sacrifice fly",celebrity,27,8,0,64,38,18,ARCHIVE,The Paul Skenes' story is a proxy fight about something bigger — the other side of the fight,BOOSTED,5.3,closed,0,news,15,v2
story-spencer-horwitz-s,2026-09-24T20:37:55.235Z,2026-09-24T21:10:10.313Z,Spencer Horwitz's,"Spencer Horwitz's: Pirates beat Cardinals behind Paul Skenes’ strong start, Spencer Horwitz’s sacrifice fly",celebrity,18,-1,0,64,0,19,ARCHIVE,The Spencer Horwitz's story is a proxy fight about something bigger — the other side of the fight,RESEARCH,6,unknown,178,news,0,v2
story-chad-bianco,2026-09-24T20:04:22.030Z,2026-09-24T20:37:55.235Z,Chad Bianco,Chad Bianco: trending now,scandal,10,-1,0,64,0,17,ARCHIVE,What the Chad Bianco chad bianco: trending now filings actually say — line by line — the other side of the fight,RESEARCH,3.5,unknown,26,trends,0,v2
story-benjamin-netanyahu-s,2026-09-24T18:47:55.681Z,2026-09-24T19:25:23.720Z,Benjamin Netanyahu's,Benjamin Netanyahu's: Protests underway ahead of Prime Minister Benjamin Netanyahu's UN General Assembly address,scandal,18,-1,0,64,0,19,ARCHIVE,What the Benjamin Netanyahu's benjamin netanyahu's: protests underway ahead of prime minister benjamin netanyahu's un general assembly address filings actually say — line by line — the other side of the fight,RESEARCH,3.5,unknown,23,news,0,v2
story-collection-makes-recovery,2026-09-24T19:25:23.720Z,2026-09-24T19:25:23.720Z,Collection Makes Recovery,Collection Makes Recovery: Therabody Theragun Mini Y2K Collection Makes Recovery Look Like 1999,scandal,19,0,0,64,0,19,ARCHIVE,What the Collection Makes Recovery collection makes recovery: therabody theragun mini y2k collection makes recovery look like 1999 filings actually say — line by line — the other side of the fight,RESEARCH,3.5,unknown,60,news,0,v2
story-pilot-makes-sharp,2026-09-24T18:06:59.479Z,2026-09-24T18:06:59.479Z,Pilot Makes Sharp,Pilot Makes Sharp: American Airlines Flight 167 Avoids The Pacific Ocean As Pilot Makes Sharp Turn Back To The U.S.: Flight Diver,tech,19,0,0,64,0,18,ARCHIVE,The Pilot Makes Sharp pilot makes sharp: american airlines flight 167 avoids the pacific ocean as pilot makes sharp turn back to the u.s.: flight diver story is actually a money story — the other side of the fight,RESEARCH,7.5,unknown,300,news,0,v2
story-peter-alexander,2026-09-24T17:44:00.506Z,2026-09-24T17:56:11.174Z,Peter Alexander,Peter Alexander: on the intersection of U.S. presidents and golf ahead of the Presidents Cup,scandal,25,-3,0,64,3,21,ARCHIVE,What the Peter Alexander peter alexander: on the intersection of u.s. presidents and golf ahead of the presidents cup filings actually say — line by line — the other side of the fight,RESEARCH,3.1,closed,0,news,1,v2
story-josh-jacobs-,2026-09-24T16:06:29.213Z,2026-09-24T16:06:29.213Z,Josh Jacobs',Josh Jacobs': Packers get good news on Josh Jacobs' pending suspension,scandal,19,0,0,64,0,19,ARCHIVE,What the Josh Jacobs' josh jacobs': packers get good news on josh jacobs' pending suspension filings actually say — line by line — the other side of the fight,RESEARCH,3.5,unknown,60,news,0,v2
story-jon-hamm,2026-09-23T06:08:00.485Z,2026-09-24T15:52:23.362Z,Jon Hamm,Jon Hamm: trending now,tech,15,-3,7,64,15,22,ARCHIVE,"What the Jon Hamm jon hamm: , 55, breaks his silence about becoming a first-time “old dad” with surprising confession filings actually say — line by line — the detail nobody has explained",KEPT,4.5,closed,0,trends|news,6,v2
story-john-hamm,2026-09-24T14:16:56.917Z,2026-09-24T15:52:23.362Z,John Hamm,John Hamm: trending now,scandal,10,0,0,64,0,17,ARCHIVE,What the John Hamm john hamm: trending now filings actually say — line by line — the other side of the fight,KEPT,3.5,closed,0,trends,0,v2
story-jon-hamm-led,2026-09-24T14:16:56.917Z,2026-09-24T15:17:56.201Z,Jon Hamm-led,Jon Hamm-led: 'American Hostage' cast previews Jon Hamm-led crime thriller based on 1977 infamous incident,scandal,18,-1,0,64,0,19,ARCHIVE,What the Jon Hamm-led jon hamm-led: 'american hostage' cast previews jon hamm-led crime thriller based on 1977 infamous incident filings actually say — line by line — the other side of the fight,RESEARCH,3.5,closed,0,news,0,v2
story-swift-drops-new,2026-09-24T13:51:07.021Z,2026-09-24T14:42:09.155Z,Swift Drops New,Swift Drops New: Taylor Swift Drops New 13-Second ‘Patient Zero’ Music Video Tease Featuring Dakota Johnson and Colin Farrell,scandal,17,-1,11,64,0,23,ARCHIVE,What the Swift Drops New swift drops new: taylor swift drops new 13-second ‘patient zero’ music video tease featuring dakota johnson and colin farrell filings actually say — line by line — the part that was not supposed to be public,RESEARCH,3.5,unknown,9,news,0,v2
story-colin-farrell,2026-09-24T13:20:19.422Z,2026-09-24T14:42:09.155Z,Colin Farrell,Colin Farrell: Taylor Swift Drops New 13-Second ‘Patient Zero’ Music Video Tease Featuring Dakota Johnson and Colin Farrell,scandal,16,-1,11,64,40,20,ARCHIVE,What the Colin Farrell colin farrell: taylor swift drops new 13-second ‘patient zero’ music video tease featuring dakota johnson and colin farrell filings actually say — line by line — the part that was not supposed to be public,RESEARCH,2.3,closed,-94,trends|news,16,v2
story-will-jacks,2026-09-24T12:27:59.579Z,2026-09-24T13:51:07.021Z,Will Jacks,Will Jacks: five-for seals comfortable England defence of 265,scandal,16,-1,0,64,0,19,ARCHIVE,What the Will Jacks will jacks: five-for seals comfortable england defence of 265 filings actually say — line by line — the other side of the fight,RESEARCH,3.5,closed,0,news,0,v2
story-mitchell-results,2026-09-24T12:50:44.806Z,2026-09-24T13:20:19.422Z,Mitchell Results,Mitchell Results: UFC BJJ 11: Musumeci vs Mitchell Results,celebrity,18,-1,9,64,0,23,ARCHIVE,The Mitchell Results story is a proxy fight about something bigger — the other side of the fight,RESEARCH,6,unknown,180,news,0,v2
story-alexandra-eala,2026-09-24T12:27:59.579Z,2026-09-24T12:50:44.806Z,Alexandra Eala,Alexandra Eala: trending now,scandal,23,11,9,64,63,19,ARCHIVE,The Alexandra Eala situation is weirder than the clips suggest — the other side of the fight,BOOSTED,3.7,closed,0,trends|news,25,v2
story-alex-eala-s,2026-09-24T12:27:59.579Z,2026-09-24T12:27:59.579Z,Alex Eala's,Alex Eala's: Coach Sandro talks about Alex Eala's game ahead of Singapore Open run: 'She's hitting harder',scandal,19,0,0,64,0,19,ARCHIVE,What the Alex Eala's alex eala's: coach sandro talks about alex eala's game ahead of singapore open run: 'she's hitting harder' filings actually say — line by line — the other side of the fight,RESEARCH,3.5,unknown,60,news,0,v2
story-carlos-calero,2026-09-24T09:42:02.135Z,2026-09-24T09:42:02.135Z,Carlos Calero,Carlos Calero: Organismos nicaragüenses piden a Costa Rica frenar deportación del opositor Carlos Calero,scandal,28,0,0,64,0,22,ARCHIVE,What the Carlos Calero carlos calero: organismos nicaragüenses piden a costa rica frenar deportación del opositor carlos calero filings actually say — line by line — the other side of the fight,RESEARCH,3.5,unknown,60,news,0,v2
story-kate-mara,2026-09-22T11:43:39.098Z,2026-09-24T09:42:02.135Z,Kate Mara,Kate Mara: Orlando Bloom’s Threesome Scene in ‘Bucking Fastard’ With Real-Life Sisters Rooney and Kate Mara Slammed as ‘A,tech,19,-1,14,64,5,24,ARCHIVE,The Kate Mara kate mara: orlando bloom’s threesome scene in ‘bucking fastard’ with real-life sisters rooney and kate mara slammed as ‘a story is actually a money story — the other side of the fight,RESEARCH,8.7,closed,0,trends|news,2,v2
story-john-crace,2026-09-24T09:28:37.522Z,2026-09-24T09:42:02.135Z,John Crace,"John Crace: ‘And you will be the People’s Earl’ – Charles Spencer’s Swan Song: Diana, My Sister, digested by John Crace",scandal,18,-1,0,34,0,22,ARCHIVE,"What the John Crace john crace: ‘and you will be the people’s earl’ – charles spencer’s swan song: diana, my sister, digested by john crace filings actually say — line by line — the other side of the fight",RESEARCH,3.5,unknown,47,news,0,v2
story-ethan-hawke,2026-09-24T06:17:43.466Z,2026-09-24T07:01:13.475Z,Ethan Hawke,Ethan Hawke: Explains Why It’s Important to ‘Have a Backbone’ If ‘You’re Going to Be in the Public Sphere’ (Exclusive),tech,21,-4,7,64,15,20,ARCHIVE,The Ethan Hawke ethan hawke: explains why it’s important to ‘have a backbone’ if ‘you’re going to be in the public sphere’ (exclusive) story is actually a money story — the detail nobody has explained,RESEARCH,5.6,closed,0,trends|news,6,v2
story-ethan-hawke-s,2026-09-24T06:17:43.466Z,2026-09-24T07:01:13.475Z,Ethan Hawke's,Ethan Hawke's: Ethan Hawke’s 109-Minute Horror Hit That Set A Major Genre Record Secures Massive Streaming Achievement,creator,25,-3,0,64,13,21,ARCHIVE,The Ethan Hawke's situation is weirder than the clips suggest — the other side of the fight,RESEARCH,3.7,unknown,28,news,5,v2
story-app-reveals-mythic,2026-09-24T06:17:43.466Z,2026-09-24T07:01:13.475Z,App Reveals Mythic,App Reveals Mythic: XBOX PC App Reveals Mythic Achievement Unlock Sound & Symbol,tech,18,-1,4,64,0,19,ARCHIVE,The App Reveals Mythic app reveals mythic: xbox pc app reveals mythic achievement unlock sound & symbol story is actually a money story — the other side of the fight,RESEARCH,7.5,unknown,256,news,0,v2
story-lawrence-tanter,2026-09-24T05:56:16.676Z,2026-09-24T05:56:16.676Z,Lawrence Tanter,Lawrence Tanter: trending now,scandal,36,0,0,34,30,24,ARCHIVE,What the Lawrence Tanter lawrence tanter: trending now filings actually say — line by line — the other side of the fight,RESEARCH,3.1,closed,0,trends|news,12,v2
story-tom-bateman,2026-09-24T03:19:21.399Z,2026-09-24T03:19:21.399Z,Tom Bateman,Tom Bateman: Inside Tom Bateman & Daisy Ridley’s Married Life,tech,28,0,0,64,35,17,ARCHIVE,The Tom Bateman tom bateman: inside tom bateman & daisy ridley’s married life story is actually a money story — the other side of the fight,RESEARCH,6.6,closed,0,news,14,v2
story-anthony-bourdain,2026-09-24T01:04:44.854Z,2026-09-24T01:35:47.604Z,Anthony Bourdain,Anthony Bourdain: trending now,tech,26,-5,0,64,20,18,ARCHIVE,The Anthony Bourdain anthony bourdain: trending now story is actually a money story — the other side of the fight,RESEARCH,5.6,closed,0,trends|news,8,v2
story-simon-cowell,2026-09-23T01:38:40.220Z,2026-09-24T01:35:47.604Z,Simon Cowell,Simon Cowell: trending now,tech,23,-8,7,64,28,20,ARCHIVE,What the Simon Cowell simon cowell: why simon cowell isn't at the 'america's got talent' live finale filings actually say — line by line — the detail nobody has explained,RESEARCH,3.4,closed,0,trends|news,11,v2
story-steve-martin,2026-09-24T01:04:44.854Z,2026-09-24T01:04:44.854Z,Steve Martin,"Steve Martin: , Sting, Cash Money top must-see St. Louis concerts in October",tech,31,0,6,64,0,28,ARCHIVE,"The Steve Martin steve martin: , sting, cash money top must-see st. louis concerts in october story is actually a money story — the number behind the headline",RESEARCH,7.5,unknown,300,trends|news,0,v2
story-angel-reese-s,2026-09-24T00:12:49.833Z,2026-09-24T00:45:10.256Z,Angel Reese's,Angel Reese's: NY Liberty Star Sends Clear Warning After Angel Reese's Blunt Postgame Take On Latest Win,celebrity,18,-1,0,64,0,19,ARCHIVE,What the Angel Reese's angel reese's: how angel reese’s controversial defensive play led to a rare technical foul in dream-liberty filings actually say — line by line — the other side of the fight,RESEARCH,3.5,unknown,28,news,0,v2
story-ken-jennings,2026-09-24T00:45:10.256Z,2026-09-24T00:45:10.256Z,Ken Jennings,Ken Jennings: trending now,scandal,31,0,0,64,5,27,ARCHIVE,What the Ken Jennings ken jennings: trending now filings actually say — line by line — the other side of the fight,RESEARCH,3.1,closed,0,trends|news,2,v2
story-star-sends-clear,2026-09-24T00:12:49.833Z,2026-09-24T00:12:49.833Z,Star Sends Clear,Star Sends Clear: NY Liberty Star Sends Clear Warning After Angel Reese's Blunt Postgame Take On Latest Win,celebrity,19,0,5,64,0,21,ARCHIVE,The Star Sends Clear story is a proxy fight about something bigger — the other side of the fight,RESEARCH,6,unknown,210,news,0,v2
story-tim-janus,2026-09-23T18:47:40.338Z,2026-09-24T00:12:49.833Z,Tim Janus,Tim Janus: eater x tim janus,scandal,20,-2,5,64,33,20,ARCHIVE,The Tim Janus story is a proxy fight about something bigger — the other side of the fight,ARCHIVED,4.7,closed,0,trends|news,13,v2
story-lucas-museum,2026-09-23T23:52:18.735Z,2026-09-24T00:12:49.833Z,Lucas Museum,"Lucas Museum: ‘I flew 6,800 miles to be here’: First impressions of the Lucas Museum on opening day",scandal,25,-3,0,64,63,17,ARCHIVE,"What the Lucas Museum lucas museum: ‘i flew 6,800 miles to be here’: first impressions of the lucas museum on opening day filings actually say — line by line — the other side of the fight",RESEARCH,2.6,closed,-15,news,25,v2
story-rose-tattoo,2026-09-23T22:49:53.093Z,2026-09-23T23:01:09.998Z,Rose Tattoo,Rose Tattoo: Angry Anderson dies aged 79: Rose Tattoo frontman was a ferocious rock ’n’ roll singer and youth advocate,celebrity,18,-1,10,34,0,26,ARCHIVE,The Rose Tattoo story is a proxy fight about something bigger — the other side of the fight,RESEARCH,6,unknown,199,news,0,v2
story-mark-messier,2026-09-23T22:49:53.093Z,2026-09-23T23:01:09.998Z,Mark Messier,Mark Messier: 'horrified' by Oilers' hire of coach Mike Babcock,scandal,25,-3,0,64,3,21,ARCHIVE,What the Mark Messier mark messier: 'horrified' by oilers' hire of coach mike babcock filings actually say — line by line — the other side of the fight,RESEARCH,3.5,closed,0,news,1,v2
story-zack-wheeler,2026-09-22T23:58:46.420Z,2026-09-23T23:01:09.998Z,Zack Wheeler,Zack Wheeler: trending now,scandal,21,-2,0,64,35,16,ARCHIVE,The Zack Wheeler zack wheeler: fans 7 straight to open phillies win over brewers story is actually a money story — the other side of the fight,KEPT,6.6,closed,-1136,trends|news,14,v2
story-mike-babcock,2026-09-23T22:24:24.826Z,2026-09-23T23:01:09.998Z,Mike Babcock,Mike Babcock: trending now,scandal,23,-3,0,64,20,18,ARCHIVE,What the Mike Babcock mike babcock: trending now filings actually say — line by line — the other side of the fight,RESEARCH,2.3,closed,-49,trends|news,8,v2
story-daniel-rakowitz,2026-09-23T23:01:09.998Z,2026-09-23T23:01:09.998Z,Daniel Rakowitz,Daniel Rakowitz: Sunny Hostin Reveals She Was Lone Holdout Juror in 1991 Trial of Daniel Rakowitz,scandal,19,0,0,64,0,19,ARCHIVE,What the Daniel Rakowitz daniel rakowitz: sunny hostin reveals she was lone holdout juror in 1991 trial of daniel rakowitz filings actually say — line by line — the other side of the fight,RESEARCH,3.5,unknown,60,news,0,v2
story-hostin-reveals-she,2026-09-23T23:01:09.998Z,2026-09-23T23:01:09.998Z,Hostin Reveals She,Hostin Reveals She: Sunny Hostin Reveals She Was Lone Holdout Juror in 1991 Trial of Daniel Rakowitz,scandal,19,0,0,64,0,19,ARCHIVE,What the Hostin Reveals She hostin reveals she: sunny hostin reveals she was lone holdout juror in 1991 trial of daniel rakowitz filings actually say — line by line — the other side of the fight,RESEARCH,3.5,unknown,60,news,0,v2
story-chad-gilbert,2026-09-23T21:06:21.762Z,2026-09-23T21:06:21.762Z,Chad Gilbert,"Chad Gilbert: , New Found Glory’s founding guitarist, dies aged 45",scandal,33,0,0,34,18,28,ARCHIVE,"What the Chad Gilbert chad gilbert: , new found glory’s founding guitarist, dies aged 45 filings actually say — line by line — the other side of the fight",RESEARCH,3.1,closed,0,news,7,v2
story-jonathan-taylor,2026-09-23T21:06:21.762Z,2026-09-23T21:06:21.762Z,Jonathan Taylor,Jonathan Taylor: Actor Jonathan Taylor Thomas arrested in Malibu traffic stop,celebrity,36,0,11,64,48,29,ARCHIVE,The Jonathan Taylor story is a proxy fight about something bigger — what happens next,RESEARCH,5.3,closed,0,trends|news,19,v2
story-jason-landry,2026-09-23T19:10:18.187Z,2026-09-23T20:35:35.850Z,Jason Landry,Jason Landry: remains found: What’s happened in the 6 years since he went missing?,tech,17,-1,7,64,23,19,ARCHIVE,"The Jason Landry jason landry: remains of missing texas state student jason landry identified near crash site, ag confirms story is actually a money story — the detail nobody has explained",ARCHIVED,4.9,closed,0,trends|news,9,v2
story-don-cooper,2026-09-23T20:35:35.850Z,2026-09-23T20:35:35.850Z,Don Cooper,Don Cooper: trending now,scandal,31,0,0,64,8,26,ARCHIVE,What the Don Cooper don cooper: trending now filings actually say — line by line — the other side of the fight,RESEARCH,3.1,closed,0,trends|news,3,v2
story-joe-flacco,2026-09-23T18:47:40.338Z,2026-09-23T18:47:40.338Z,Joe Flacco,Joe Flacco: trending now,tech,31,0,0,64,5,25,ARCHIVE,The Joe Flacco joe flacco: trending now story is actually a money story — the other side of the fight,RESEARCH,6.6,closed,0,trends|news,2,v2
story-harvey-weinstein,2026-09-23T17:21:02.291Z,2026-09-23T18:28:44.536Z,Harvey Weinstein,Harvey Weinstein: trending now,scandal,20,-1,0,34,63,21,ARCHIVE,What the Harvey Weinstein harvey weinstein: trending now filings actually say — line by line — the other side of the fight,RESEARCH,2.3,closed,-80,trends|news,25,v2
story-howard-out,2026-09-23T17:56:12.505Z,2026-09-23T18:28:44.536Z,Howard Out,Howard Out: Penn State Football Wide Receiver Koby Howard Out For ‘Extended Period Of Time’,scandal,17,-1,0,64,0,19,ARCHIVE,What the Howard Out howard out: penn state football wide receiver koby howard out for ‘extended period of time’ filings actually say — line by line — the other side of the fight,RESEARCH,3.5,unknown,27,news,0,v2
story-matt-campbell,2026-09-23T17:56:12.505Z,2026-09-23T18:28:44.536Z,Matt Campbell,Matt Campbell: Updates Koby Howard’s Status and More,scandal,17,-1,0,64,0,19,ARCHIVE,What the Matt Campbell matt campbell: updates koby howard’s status and more filings actually say — line by line — the other side of the fight,RESEARCH,3.5,unknown,27,news,0,v2
story-john-harbaugh,2026-09-23T18:28:44.536Z,2026-09-23T18:28:44.536Z,John Harbaugh,"John Harbaugh: After Jaxson Dart helped seal Giants recruitment of John Harbaugh, coach now faces bleak debut season",scandal,19,0,4,64,0,21,ARCHIVE,"What the John Harbaugh john harbaugh: after jaxson dart helped seal giants recruitment of john harbaugh, coach now faces bleak debut season filings actually say — line by line — what happens next",RESEARCH,3.5,unknown,60,news,0,v2
story-joe-milton,2026-09-23T18:28:44.536Z,2026-09-23T18:28:44.536Z,Joe Milton,Joe Milton: trending now,scandal,25,0,0,64,10,20,ARCHIVE,What the Joe Milton joe milton: trending now filings actually say — line by line — the other side of the fight,RESEARCH,3.1,closed,0,trends|news,4,v2
story-holmes-gets-vulnerable,2026-09-23T15:45:13.910Z,2026-09-23T15:45:13.910Z,Holmes Gets Vulnerable,Holmes Gets Vulnerable: ‘You Can See Everything’ Full Trailer: Elizabeth Holmes Gets Vulnerable In A24 Film Ahead Of October 16 Releas,tech,19,0,0,34,0,21,ARCHIVE,The Holmes Gets Vulnerable holmes gets vulnerable: ‘you can see everything’ full trailer: elizabeth holmes gets vulnerable in a24 film ahead of october 16 releas story is actually a money story — the other side of the fight,RESEARCH,7.5,unknown,300,news,0,v2
story-palantir-reveals-its,2026-09-23T15:30:18.222Z,2026-09-23T15:45:13.910Z,Palantir Reveals Its,Palantir Reveals Its: AI Sovereignty Strategy And Wall Street Is Starting to Believe It,tech,18,-1,4,64,0,19,ARCHIVE,The Palantir Reveals Its palantir reveals its: ai sovereignty strategy and wall street is starting to believe it story is actually a money story — the other side of the fight,RESEARCH,7.5,unknown,285,news,0,v2
story-will-want,2026-09-23T15:30:18.222Z,2026-09-23T15:45:13.910Z,Will Want,Will Want: Nathan Fielder’s Elizabeth Holmes Doc Drops Full Trailer — and You Will Want to See Everything,tech,18,-1,7,34,0,23,ARCHIVE,The Will Want will want: nathan fielder’s elizabeth holmes doc drops full trailer — and you will want to see everything story is actually a money story — the part that was not supposed to be public,RESEARCH,7.5,unknown,285,news,0,v2
story-doc-drops-full,2026-09-23T15:30:18.222Z,2026-09-23T15:45:13.910Z,Doc Drops Full,Doc Drops Full: Nathan Fielder’s Elizabeth Holmes Doc Drops Full Trailer — and You Will Want to See Everything,tech,18,-1,7,34,0,23,ARCHIVE,The Doc Drops Full doc drops full: nathan fielder’s elizabeth holmes doc drops full trailer — and you will want to see everything story is actually a money story — the part that was not supposed to be public,RESEARCH,7.5,unknown,285,news,0,v2
story-photographer-says-he,2026-09-23T15:30:18.222Z,2026-09-23T15:45:13.910Z,Photographer Says He,Photographer Says He: Questioned Everything After Shoot With Elizabeth Holmes,scandal,18,-1,0,64,0,19,ARCHIVE,What the Photographer Says He photographer says he: questioned everything after shoot with elizabeth holmes filings actually say — line by line — the other side of the fight,RESEARCH,3.5,unknown,45,news,0,v2
story-billy-evans,2026-09-23T15:30:18.222Z,2026-09-23T15:30:18.222Z,Billy Evans,"Billy Evans: Nathan Fielder Questions Elizabeth Holmes, Billy Evans in ‘You Can See Everything’ Trailer",tech,19,0,0,64,0,18,ARCHIVE,"The Billy Evans billy evans: nathan fielder questions elizabeth holmes, billy evans in ‘you can see everything’ trailer story is actually a money story — the other side of the fight",RESEARCH,7.5,unknown,300,news,0,v2
story-lundgren-reveals-he,2026-09-23T13:54:08.643Z,2026-09-23T14:46:53.063Z,Lundgren Reveals He,Lundgren Reveals He: Dolph Lundgren Reveals He Considered Medical Aid in Dying Before Learning His Cancer Was Misdiagnosed,tech,17,-1,0,64,0,18,ARCHIVE,The Lundgren Reveals He lundgren reveals he: dolph lundgren reveals he considered medical aid in dying before learning his cancer was misdiagnosed story is actually a money story — the other side of the fight,RESEARCH,7.5,unknown,247,news,0,v2
story-falsely-accuses-mamdani,2026-09-23T13:54:08.643Z,2026-09-23T13:54:08.643Z,Falsely Accuses Mamdani,Falsely Accuses Mamdani: Netanyahu Falsely Accuses Mamdani of Supporting Hamas After Mayor’s CNN Interview,scandal,19,0,13,34,0,27,ARCHIVE,What the Falsely Accuses Mamdani falsely accuses mamdani: netanyahu falsely accuses mamdani of supporting hamas after mayor’s cnn interview filings actually say — line by line — the other side of the fight,RESEARCH,3.5,unknown,60,news,0,v2
story-garten-shares-recipes,2026-09-23T13:54:08.643Z,2026-09-23T13:54:08.643Z,Garten Shares Recipes,"Garten Shares Recipes: Ina Garten Shares Recipes for Bourbon Sour, Ricotta Fig Toast",scandal,19,0,0,64,0,19,ARCHIVE,"What the Garten Shares Recipes garten shares recipes: ina garten shares recipes for bourbon sour, ricotta fig toast filings actually say — line by line — the other side of the fight",RESEARCH,3.5,unknown,60,news,0,v2
story-benjamin-netanyahu,2026-09-23T13:25:07.033Z,2026-09-23T13:54:08.643Z,Benjamin Netanyahu,Benjamin Netanyahu: trending now,scandal,10,-1,0,64,0,17,ARCHIVE,What the Benjamin Netanyahu benjamin netanyahu: trending now filings actually say — line by line — the other side of the fight,RESEARCH,3.5,unknown,31,trends,0,v2
story-ryan-clark,2026-09-23T11:56:21.521Z,2026-09-23T12:54:32.087Z,Ryan Clark,Ryan Clark: again accuses ESPN of leaking his firing to OutKick: Here’s the real story,tech,26,18,0,34,10,22,ARCHIVE,The Ryan Clark ryan clark: trending now story is actually a money story — the other side of the fight,ARCHIVED,5.6,closed,0,trends|news,4,v2
story-house-defends-trump-s,2026-09-23T12:54:32.087Z,2026-09-23T12:54:32.087Z,House Defends Trump's,"House Defends Trump's: White House Defends Trump’s Ban on CNN, MS NOW and Politico in Court Filing",scandal,19,0,4,34,0,24,ARCHIVE,"What the House Defends Trump's house defends trump's: white house defends trump’s ban on cnn, ms now and politico in court filing filings actually say — line by line — what happens next",RESEARCH,3.5,unknown,60,news,0,v2
story-jonathan-brooks,2026-09-23T12:54:32.087Z,2026-09-23T12:54:32.087Z,Jonathan Brooks,Jonathan Brooks: trending now,scandal,12,0,0,64,0,17,ARCHIVE,What the Jonathan Brooks jonathan brooks: trending now filings actually say — line by line — the other side of the fight,RESEARCH,3.5,unknown,60,trends,0,v2
story-james-farthing,2026-09-23T11:08:31.158Z,2026-09-23T11:08:31.158Z,James Farthing,James Farthing: Kentucky Powerball winner James Farthing arrested on public intoxication charge in Scott County,scandal,25,0,4,64,0,23,ARCHIVE,What the James Farthing james farthing: kentucky powerball winner james farthing arrested on public intoxication charge in scott county filings actually say — line by line — what happens next,RESEARCH,3.5,unknown,60,trends|news,0,v2
story-david-adeang,2026-09-23T10:14:35.725Z,2026-09-23T10:14:35.725Z,David Adeang,David Adeang: nauru name change un,scandal,12,0,0,64,0,17,ARCHIVE,What the David Adeang david adeang: nauru name change un filings actually say — line by line — the other side of the fight,RESEARCH,3.5,unknown,60,trends,0,v2
story-bryan-seaver,2026-09-23T10:14:35.725Z,2026-09-23T10:14:35.725Z,Bryan Seaver,Bryan Seaver: dolly parton estate lawsuit bryan seaver,scandal,12,0,10,86,0,18,ARCHIVE,What the Bryan Seaver bryan seaver: dolly parton estate lawsuit bryan seaver filings actually say — line by line — the number behind the headline,RESEARCH,3.5,unknown,60,trends,0,v2
story-justin-boone-s,2026-09-23T10:14:35.725Z,2026-09-23T10:14:35.725Z,Justin Boone's,Justin Boone's: Fantasy Football Waiver Wire: Justin Boone's top defenses to stream for Week 3,creator,19,0,4,64,0,21,ARCHIVE,The Justin Boone's situation is weirder than the clips suggest — the other side of the fight,RESEARCH,4.2,unknown,102,news,0,v2
story-carlos-cortes,2026-09-23T08:05:14.761Z,2026-09-23T08:05:14.761Z,Carlos Cortes,"Carlos Cortes: Mark Kotsay talks A's bullpen, Carlos Cortes in win",scandal,19,0,0,64,0,19,ARCHIVE,"What the Carlos Cortes carlos cortes: mark kotsay talks a's bullpen, carlos cortes in win filings actually say — line by line — the other side of the fight",RESEARCH,3.5,unknown,60,news,0,v2
story-mark-kotsay,2026-09-23T08:05:14.761Z,2026-09-23T08:05:14.761Z,Mark Kotsay,"Mark Kotsay: talks A's bullpen, Carlos Cortes in win",scandal,19,0,0,64,0,19,ARCHIVE,"What the Mark Kotsay mark kotsay: talks a's bullpen, carlos cortes in win filings actually say — line by line — the other side of the fight",RESEARCH,3.5,unknown,60,news,0,v2
story-zach-cregger,2026-09-23T07:06:16.371Z,2026-09-23T08:05:14.761Z,Zach Cregger,"Zach Cregger: Box Office Global: 'Resident Evil' $108M WW Franchise, Zach Cregger Record; 'Coyote vs. Acme' Approaches $100M",tech,17,-1,9,34,0,24,ARCHIVE,"The Zach Cregger zach cregger: box office global: 'resident evil' $108m ww franchise, zach cregger record; 'coyote vs. acme' approaches $100m story is actually a money story — the other side of the fight",RESEARCH,7.5,unknown,241,news,0,v2
story-austin-abrams,2026-09-23T07:06:16.371Z,2026-09-23T08:05:14.761Z,Austin Abrams,Austin Abrams: trending now,scandal,10,-1,0,64,0,17,ARCHIVE,What the Austin Abrams austin abrams: trending now filings actually say — line by line — the other side of the fight,RESEARCH,3.5,unknown,1,trends,0,v2
story-mike-collins,2026-09-23T03:30:00.641Z,2026-09-23T03:30:00.641Z,Mike Collins,Mike Collins: trending now,tech,31,0,0,64,8,25,ARCHIVE,The Mike Collins mike collins: trending now story is actually a money story — the other side of the fight,RESEARCH,6.6,closed,0,trends|news,3,v2
story-emma-slater,2026-09-23T01:15:19.709Z,2026-09-23T01:15:19.709Z,Emma Slater,Emma Slater: and Alan Bersten Compete on Dancing With the Stars,celebrity,31,0,5,64,5,29,ARCHIVE,The Emma Slater story is a proxy fight about something bigger — the other side of the fight,RESEARCH,5.3,closed,0,trends|news,2,v2
story-brandon-nimmo,2026-09-22T23:58:46.420Z,2026-09-22T23:58:46.420Z,Brandon Nimmo,Brandon Nimmo: The Mets travel deep in the heart of Texas for a series with Brandon Nimmo and the Rangers,scandal,19,0,0,64,0,19,ARCHIVE,What the Brandon Nimmo brandon nimmo: the mets travel deep in the heart of texas for a series with brandon nimmo and the rangers filings actually say — line by line — the other side of the fight,RESEARCH,3.5,unknown,60,news,0,v2
story-luis-miguel,2026-09-22T19:23:17.289Z,2026-09-22T19:49:16.130Z,Luis Miguel,Luis Miguel: trending now,scandal,28,-8,0,64,63,18,ARCHIVE,What the Luis Miguel luis miguel: trending now filings actually say — line by line — the other side of the fight,RESEARCH,2.6,closed,-20,trends|news,25,v2
story-will-levis,2026-09-22T17:43:31.858Z,2026-09-22T18:28:22.909Z,Will Levis,Will Levis: trending now,institutional,23,-4,6,64,48,19,ARCHIVE,"The Will Levis will levis: , jets reportedly agree to contract, will be qb3 behind geno smith, cade klubnik story is actually a money story — the number behind the headline",KEPT,4.9,closed,0,trends|news,19,v2
story-kenny-moore,2026-09-22T18:11:19.211Z,2026-09-22T18:28:22.909Z,Kenny Moore,Kenny Moore: trending now,scandal,26,-5,0,64,25,19,ARCHIVE,What the Kenny Moore kenny moore: trending now filings actually say — line by line — the other side of the fight,RESEARCH,2.6,closed,-11,trends|news,10,v2
story-hayden-panettiere,2026-09-22T15:55:25.264Z,2026-09-22T17:07:24.414Z,Hayden Panettiere,Hayden Panettiere: trending now,scandal,26,-5,0,64,63,17,ARCHIVE,What the Hayden Panettiere hayden panettiere: trending now filings actually say — line by line — the other side of the fight,RESEARCH,2.6,closed,-66,trends|news,25,v2
story-fox-news-producer,2026-09-21T17:51:47.822Z,2026-09-21T18:35:03.167Z,Fox News Producer,Fox News Producer: JUST IN: Former Fox News Producer Who Accused Ed Henry of Rape Found Dead,scandal,13,-12,5,64,15,17,ARCHIVE,What the Fox News Producer fox news producer: former fox news producer jennifer eckhart dead at 36 filings actually say — line by line — the other side of the fight,ARCHIVED,2.6,closed,-37,news,6,v2
story-jennifer-eckhart,2026-09-21T17:29:07.330Z,2026-09-21T18:35:03.167Z,Jennifer Eckhart,"Jennifer Eckhart: Former Fox Business producer Jennifer Eckhart, 36, found dead in Florida home",scandal,16,-1,5,64,25,18,ARCHIVE,What the Jennifer Eckhart jennifer eckhart: former fox news producer jennifer eckhart dead at 36 filings actually say — line by line — the other side of the fight,ARCHIVED,2.3,closed,-78,trends|news,10,v2
story-jennifer-eckhart-s,2026-09-21T17:57:29.219Z,2026-09-21T18:35:03.167Z,Jennifer Eckhart's,Jennifer Eckhart's: Emergency Crews Respond to Jennifer Eckhart's Residence Following Death,scandal,18,-1,0,64,0,19,ARCHIVE,What the Jennifer Eckhart's jennifer eckhart's: emergency crews respond to jennifer eckhart's residence following death filings actually say — line by line — the other side of the fight,RESEARCH,3.5,unknown,22,news,0,v2
story-terry-pluto,2026-09-21T17:57:29.219Z,2026-09-21T18:35:03.167Z,Terry Pluto,Terry Pluto: No LeBron? Cavs’ big summer move for Peyton Watson might be the right one – Terry Pluto,scandal,18,-1,0,64,0,19,ARCHIVE,What the Terry Pluto terry pluto: no lebron? cavs’ big summer move for peyton watson might be the right one – terry pluto filings actually say — line by line — the other side of the fight,RESEARCH,3.5,unknown,22,news,0,v2
story-james-harden,2026-09-21T17:57:29.219Z,2026-09-21T18:35:03.167Z,James Harden,James Harden: How James Harden facilitated Cleveland’s biggest offseason splash,scandal,18,-1,0,64,0,19,ARCHIVE,What the James Harden james harden: how james harden facilitated cleveland’s biggest offseason splash filings actually say — line by line — the other side of the fight,RESEARCH,3.5,unknown,22,news,0,v2
story-anthony-richardson,2026-09-21T01:14:28.200Z,2026-09-21T01:14:28.200Z,Anthony Richardson,Anthony Richardson: Injury Latest Colts,scandal,28,0,7,64,0,27,ARCHIVE,What the Anthony Richardson anthony richardson: injury latest colts filings actually say — line by line — the detail nobody has explained,RESEARCH,3.5,unknown,60,trends|news,0,v1
story-jay-leno,2026-09-20T23:12:20.352Z,2026-09-20T23:12:20.352Z,Jay Leno,Jay Leno: trending now,tech,19,0,0,26,0,26,ARCHIVE,The Jay Leno jay leno: trending now story is actually a money story — the other side of the fight,RESEARCH,7.5,unknown,300,trends|news,0,v1
story-brandon-aubrey,2026-09-20T23:12:20.352Z,2026-09-20T23:12:20.352Z,Brandon Aubrey,Brandon Aubrey: trending now,celebrity,19,0,0,64,0,22,ARCHIVE,The Brandon Aubrey story is a proxy fight about something bigger — the other side of the fight,RESEARCH,6,unknown,210,trends|news,0,v1
